group,infectDay,dose2,dose3,infectName,dose2name,dose3name
0,-1,-1,36,base,cur_2,cur_3
0,-1,-1,-1,base,cur_2,cur_3
0,-1,32,-1,base,cur_2,cur_3
0,-1,47,-1,base,cur_2,cur_3
0,-1,2,-1,base,cur_2,cur_3
0,8,14,15,base,cur_2,cur_3
0,-1,35,22,base,cur_2,cur_3
0,27,18,4,base,cur_2,cur_3
0,20,40,24,base,cur_2,cur_3
0,7,-1,9,base,cur_2,cur_3
0,-1,43,24,base,cur_2,cur_3
0,-1,19,26,base,cur_2,cur_3
0,29,-1,37,base,cur_2,cur_3
0,26,3,-1,base,cur_2,cur_3
0,28,-1,10,base,cur_2,cur_3
0,-1,16,11,base,cur_2,cur_3
0,25,2,48,base,cur_2,cur_3
0,31,6,-1,base,cur_2,cur_3
0,-1,28,0,base,cur_2,cur_3
0,-1,-1,15,base,cur_2,cur_3
0,36,49,31,base,cur_2,cur_3
0,0,49,-1,base,cur_2,cur_3
0,33,-1,15,base,cur_2,cur_3
0,31,34,49,base,cur_2,cur_3
0,37,-1,-1,base,cur_2,cur_3
0,43,17,-1,base,cur_2,cur_3
0,9,3,-1,base,cur_2,cur_3
0,36,47,23,base,cur_2,cur_3
0,-1,-1,25,base,cur_2,cur_3
0,-1,46,15,base,cur_2,cur_3
0,-1,-1,29,base,cur_2,cur_3
0,20,6,31,base,cur_2,cur_3
0,21,-1,28,base,cur_2,cur_3
0,14,-1,21,base,cur_2,cur_3
0,48,-1,-1,base,cur_2,cur_3
0,-1,13,-1,base,cur_2,cur_3
0,-1,11,13,base,cur_2,cur_3
0,45,-1,33,base,cur_2,cur_3
0,-1,-1,33,base,cur_2,cur_3
0,-1,-1,7,base,cur_2,cur_3
0,6,20,-1,base,cur_2,cur_3
0,43,-1,-1,base,cur_2,cur_3
0,26,34,-1,base,cur_2,cur_3
0,31,-1,-1,base,cur_2,cur_3
0,-1,-1,-1,base,cur_2,cur_3
0,-1,5,3,base,cur_2,cur_3
0,-1,-1,-1,base,cur_2,cur_3
0,9,-1,0,base,cur_2,cur_3
0,-1,0,49,base,cur_2,cur_3
0,21,-1,36,base,cur_2,cur_3
0,-1,-1,-1,base,cur_2,cur_3
0,36,18,42,base,cur_2,cur_3
0,36,-1,27,base,cur_2,cur_3
0,-1,46,48,base,cur_2,cur_3
0,25,3,29,base,cur_2,cur_3
0,-1,47,-1,base,cur_2,cur_3
0,-1,22,32,base,cur_2,cur_3
0,-1,-1,3,base,cur_2,cur_3
0,16,39,48,base,cur_2,cur_3
0,18,-1,28,base,cur_2,cur_3
0,37,16,-1,base,cur_2,cur_3
0,21,6,-1,base,cur_2,cur_3
0,-1,43,43,base,cur_2,cur_3
0,-1,48,33,base,cur_2,cur_3
0,-1,-1,29,base,cur_2,cur_3
0,-1,-1,2,base,cur_2,cur_3
0,6,-1,-1,base,cur_2,cur_3
0,21,7,21,base,cur_2,cur_3
0,-1,-1,37,base,cur_2,cur_3
0,9,20,40,base,cur_2,cur_3
0,-1,-1,5,base,cur_2,cur_3
0,1,11,-1,base,cur_2,cur_3
0,-1,-1,5,base,cur_2,cur_3
0,-1,31,42,base,cur_2,cur_3
0,-1,-1,4,base,cur_2,cur_3
0,20,8,19,base,cur_2,cur_3
0,41,10,-1,base,cur_2,cur_3
0,47,0,-1,base,cur_2,cur_3
0,-1,-1,11,base,cur_2,cur_3
0,1,18,18,base,cur_2,cur_3
0,37,-1,-1,base,cur_2,cur_3
0,32,-1,6,base,cur_2,cur_3
0,6,1,15,base,cur_2,cur_3
0,29,-1,25,base,cur_2,cur_3
0,-1,9,-1,base,cur_2,cur_3
0,4,34,-1,base,cur_2,cur_3
0,-1,8,1,base,cur_2,cur_3
0,31,-1,42,base,cur_2,cur_3
0,16,-1,19,base,cur_2,cur_3
0,4,49,-1,base,cur_2,cur_3
0,-1,-1,33,base,cur_2,cur_3
0,-1,4,13,base,cur_2,cur_3
0,-1,-1,0,base,cur_2,cur_3
0,39,47,-1,base,cur_2,cur_3
0,46,-1,-1,base,cur_2,cur_3
0,25,-1,19,base,cur_2,cur_3
0,19,-1,-1,base,cur_2,cur_3
0,-1,16,34,base,cur_2,cur_3
0,33,-1,-1,base,cur_2,cur_3
0,-1,36,12,base,cur_2,cur_3
0,26,37,-1,base,cur_2,cur_3
0,-1,-1,17,base,cur_2,cur_3
0,27,23,16,base,cur_2,cur_3
0,2,-1,28,base,cur_2,cur_3
0,-1,-1,2,base,cur_2,cur_3
0,29,-1,5,base,cur_2,cur_3
0,41,-1,-1,base,cur_2,cur_3
0,12,8,1,base,cur_2,cur_3
0,-1,28,18,base,cur_2,cur_3
0,37,-1,-1,base,cur_2,cur_3
0,49,26,-1,base,cur_2,cur_3
0,44,0,23,base,cur_2,cur_3
0,-1,-1,-1,base,cur_2,cur_3
0,45,33,21,base,cur_2,cur_3
0,-1,-1,14,base,cur_2,cur_3
0,-1,32,14,base,cur_2,cur_3
0,42,2,-1,base,cur_2,cur_3
0,-1,-1,24,base,cur_2,cur_3
0,26,9,39,base,cur_2,cur_3
0,2,4,38,base,cur_2,cur_3
0,-1,-1,11,base,cur_2,cur_3
0,-1,2,-1,base,cur_2,cur_3
0,-1,20,1,base,cur_2,cur_3
0,-1,22,21,base,cur_2,cur_3
0,20,-1,5,base,cur_2,cur_3
0,-1,46,-1,base,cur_2,cur_3
0,-1,47,35,base,cur_2,cur_3
0,-1,-1,-1,base,cur_2,cur_3
0,32,30,31,base,cur_2,cur_3
0,-1,-1,-1,base,cur_2,cur_3
0,-1,1,-1,base,cur_2,cur_3
0,-1,-1,-1,base,cur_2,cur_3
0,27,31,33,base,cur_2,cur_3
0,23,-1,-1,base,cur_2,cur_3
0,41,19,-1,base,cur_2,cur_3
0,10,15,18,base,cur_2,cur_3
0,-1,-1,37,base,cur_2,cur_3
0,-1,-1,33,base,cur_2,cur_3
0,-1,43,-1,base,cur_2,cur_3
0,-1,-1,-1,base,cur_2,cur_3
0,-1,-1,49,base,cur_2,cur_3
0,-1,47,-1,base,cur_2,cur_3
0,-1,-1,2,base,cur_2,cur_3
0,38,-1,-1,base,cur_2,cur_3
0,-1,49,5,base,cur_2,cur_3
0,-1,30,3,base,cur_2,cur_3
0,45,-1,34,base,cur_2,cur_3
0,45,-1,-1,base,cur_2,cur_3
0,28,-1,27,base,cur_2,cur_3
0,27,17,-1,base,cur_2,cur_3
0,-1,3,3,base,cur_2,cur_3
0,39,-1,-1,base,cur_2,cur_3
0,42,-1,-1,base,cur_2,cur_3
0,45,45,3,base,cur_2,cur_3
0,22,3,44,base,cur_2,cur_3
0,14,-1,48,base,cur_2,cur_3
0,-1,2,-1,base,cur_2,cur_3
0,5,33,-1,base,cur_2,cur_3
0,13,-1,-1,base,cur_2,cur_3
0,33,-1,-1,base,cur_2,cur_3
0,17,-1,49,base,cur_2,cur_3
0,20,-1,25,base,cur_2,cur_3
0,43,-1,-1,base,cur_2,cur_3
0,8,10,35,base,cur_2,cur_3
0,6,42,9,base,cur_2,cur_3
0,-1,34,3,base,cur_2,cur_3
0,9,-1,-1,base,cur_2,cur_3
0,-1,-1,6,base,cur_2,cur_3
0,-1,-1,12,base,cur_2,cur_3
0,-1,4,0,base,cur_2,cur_3
0,-1,-1,8,base,cur_2,cur_3
0,-1,5,-1,base,cur_2,cur_3
0,43,44,-1,base,cur_2,cur_3
0,-1,-1,-1,base,cur_2,cur_3
0,-1,-1,30,base,cur_2,cur_3
0,-1,-1,-1,base,cur_2,cur_3
0,44,-1,32,base,cur_2,cur_3
0,-1,-1,37,base,cur_2,cur_3
0,-1,13,-1,base,cur_2,cur_3
0,-1,-1,42,base,cur_2,cur_3
0,-1,-1,22,base,cur_2,cur_3
0,45,31,36,base,cur_2,cur_3
0,18,14,9,base,cur_2,cur_3
0,-1,18,-1,base,cur_2,cur_3
0,42,5,-1,base,cur_2,cur_3
0,-1,-1,18,base,cur_2,cur_3
0,-1,-1,-1,base,cur_2,cur_3
0,38,-1,33,base,cur_2,cur_3
0,-1,-1,32,base,cur_2,cur_3
0,6,1,27,base,cur_2,cur_3
0,-1,33,-1,base,cur_2,cur_3
0,-1,-1,23,base,cur_2,cur_3
0,6,-1,-1,base,cur_2,cur_3
0,-1,23,9,base,cur_2,cur_3
0,-1,-1,-1,base,cur_2,cur_3
0,-1,48,-1,base,cur_2,cur_3
0,-1,-1,9,base,cur_2,cur_3
0,1,30,3,base,cur_2,cur_3
0,14,4,13,base,cur_2,cur_3
0,-1,49,-1,base,cur_2,cur_3
0,-1,-1,-1,base,cur_2,cur_3
0,49,-1,30,base,cur_2,cur_3
0,45,-1,41,base,cur_2,cur_3
0,-1,20,47,base,cur_2,cur_3
0,-1,37,33,base,cur_2,cur_3
0,44,40,9,base,cur_2,cur_3
0,-1,-1,-1,base,cur_2,cur_3
0,-1,37,-1,base,cur_2,cur_3
0,1,6,14,base,cur_2,cur_3
0,-1,-1,24,base,cur_2,cur_3
0,-1,-1,-1,base,cur_2,cur_3
0,-1,-1,41,base,cur_2,cur_3
0,-1,12,28,base,cur_2,cur_3
0,-1,45,9,base,cur_2,cur_3
0,-1,30,18,base,cur_2,cur_3
0,15,-1,14,base,cur_2,cur_3
0,23,7,35,base,cur_2,cur_3
0,-1,-1,-1,base,cur_2,cur_3
0,-1,-1,-1,base,cur_2,cur_3
0,-1,-1,37,base,cur_2,cur_3
0,-1,-1,-1,base,cur_2,cur_3
0,-1,-1,-1,base,cur_2,cur_3
0,-1,27,-1,base,cur_2,cur_3
0,-1,-1,39,base,cur_2,cur_3
0,27,16,6,base,cur_2,cur_3
0,-1,-1,-1,base,cur_2,cur_3
0,-1,31,-1,base,cur_2,cur_3
0,-1,48,17,base,cur_2,cur_3
0,33,46,-1,base,cur_2,cur_3
0,-1,-1,-1,base,cur_2,cur_3
0,-1,28,-1,base,cur_2,cur_3
0,-1,-1,-1,base,cur_2,cur_3
0,-1,31,-1,base,cur_2,cur_3
0,35,-1,-1,base,cur_2,cur_3
0,9,19,25,base,cur_2,cur_3
0,21,24,3,base,cur_2,cur_3
0,-1,-1,15,base,cur_2,cur_3
0,-1,23,23,base,cur_2,cur_3
0,-1,6,33,base,cur_2,cur_3
0,-1,6,38,base,cur_2,cur_3
0,-1,16,31,base,cur_2,cur_3
0,-1,-1,25,base,cur_2,cur_3
0,46,17,-1,base,cur_2,cur_3
0,5,46,-1,base,cur_2,cur_3
0,24,-1,-1,base,cur_2,cur_3
0,-1,-1,35,base,cur_2,cur_3
0,0,-1,3,base,cur_2,cur_3
0,-1,22,20,base,cur_2,cur_3
0,-1,30,31,base,cur_2,cur_3
0,-1,28,34,base,cur_2,cur_3
0,-1,-1,-1,base,cur_2,cur_3
0,-1,-1,0,base,cur_2,cur_3
0,14,10,0,base,cur_2,cur_3
0,-1,-1,-1,base,cur_2,cur_3
0,16,-1,-1,base,cur_2,cur_3
0,-1,34,-1,base,cur_2,cur_3
0,40,19,45,base,cur_2,cur_3
0,38,47,-1,base,cur_2,cur_3
0,42,46,-1,base,cur_2,cur_3
0,48,-1,-1,base,cur_2,cur_3
0,-1,-1,23,base,cur_2,cur_3
0,-1,11,-1,base,cur_2,cur_3
0,-1,-1,-1,base,cur_2,cur_3
0,-1,14,-1,base,cur_2,cur_3
0,31,34,4,base,cur_2,cur_3
0,-1,-1,24,base,cur_2,cur_3
0,17,37,-1,base,cur_2,cur_3
0,4,-1,-1,base,cur_2,cur_3
0,-1,4,7,base,cur_2,cur_3
0,-1,-1,48,base,cur_2,cur_3
0,-1,0,9,base,cur_2,cur_3
0,30,17,30,base,cur_2,cur_3
0,-1,36,-1,base,cur_2,cur_3
0,12,-1,39,base,cur_2,cur_3
0,-1,-1,16,base,cur_2,cur_3
0,34,3,1,base,cur_2,cur_3
0,11,47,-1,base,cur_2,cur_3
0,45,13,26,base,cur_2,cur_3
0,-1,-1,26,base,cur_2,cur_3
0,-1,19,-1,base,cur_2,cur_3
0,20,21,27,base,cur_2,cur_3
0,2,-1,33,base,cur_2,cur_3
0,21,32,-1,base,cur_2,cur_3
0,36,-1,-1,base,cur_2,cur_3
0,41,-1,-1,base,cur_2,cur_3
0,-1,-1,4,base,cur_2,cur_3
0,-1,38,-1,base,cur_2,cur_3
0,-1,-1,-1,base,cur_2,cur_3
0,-1,23,37,base,cur_2,cur_3
0,-1,-1,33,base,cur_2,cur_3
0,13,2,-1,base,cur_2,cur_3
0,-1,-1,-1,base,cur_2,cur_3
0,36,41,-1,base,cur_2,cur_3
0,-1,46,11,base,cur_2,cur_3
0,6,44,12,base,cur_2,cur_3
0,8,29,39,base,cur_2,cur_3
0,29,-1,26,base,cur_2,cur_3
0,-1,-1,9,base,cur_2,cur_3
0,-1,41,20,base,cur_2,cur_3
0,-1,-1,48,base,cur_2,cur_3
0,-1,23,-1,base,cur_2,cur_3
0,26,4,45,base,cur_2,cur_3
0,-1,-1,21,base,cur_2,cur_3
0,23,-1,-1,base,cur_2,cur_3
0,0,15,-1,base,cur_2,cur_3
0,-1,10,-1,base,cur_2,cur_3
0,-1,6,-1,base,cur_2,cur_3
0,-1,38,-1,base,cur_2,cur_3
0,5,35,-1,base,cur_2,cur_3
0,-1,32,15,base,cur_2,cur_3
0,-1,34,-1,base,cur_2,cur_3
0,24,36,-1,base,cur_2,cur_3
0,49,-1,47,base,cur_2,cur_3
0,-1,-1,-1,base,cur_2,cur_3
0,36,31,-1,base,cur_2,cur_3
0,19,48,44,base,cur_2,cur_3
0,-1,-1,33,base,cur_2,cur_3
0,-1,26,26,base,cur_2,cur_3
0,31,-1,-1,base,cur_2,cur_3
0,-1,0,0,base,cur_2,cur_3
0,35,-1,18,base,cur_2,cur_3
0,-1,-1,39,base,cur_2,cur_3
0,17,-1,30,base,cur_2,cur_3
0,9,35,-1,base,cur_2,cur_3
0,-1,-1,-1,base,cur_2,cur_3
0,30,13,-1,base,cur_2,cur_3
0,-1,7,31,base,cur_2,cur_3
0,25,-1,-1,base,cur_2,cur_3
0,16,33,2,base,cur_2,cur_3
0,-1,-1,43,base,cur_2,cur_3
0,21,32,-1,base,cur_2,cur_3
0,-1,-1,39,base,cur_2,cur_3
0,-1,40,27,base,cur_2,cur_3
0,-1,-1,33,base,cur_2,cur_3
0,-1,31,-1,base,cur_2,cur_3
0,23,45,25,base,cur_2,cur_3
0,44,-1,-1,base,cur_2,cur_3
0,42,-1,2,base,cur_2,cur_3
0,-1,-1,1,base,cur_2,cur_3
0,-1,-1,20,base,cur_2,cur_3
0,-1,-1,13,base,cur_2,cur_3
0,-1,-1,-1,base,cur_2,cur_3
0,24,44,14,base,cur_2,cur_3
0,-1,44,34,base,cur_2,cur_3
0,-1,-1,5,base,cur_2,cur_3
0,16,38,11,base,cur_2,cur_3
0,11,28,-1,base,cur_2,cur_3
0,-1,13,38,base,cur_2,cur_3
0,-1,35,20,base,cur_2,cur_3
0,-1,40,-1,base,cur_2,cur_3
0,46,47,0,base,cur_2,cur_3
0,-1,-1,-1,base,cur_2,cur_3
0,30,9,31,base,cur_2,cur_3
0,18,1,-1,base,cur_2,cur_3
0,46,43,47,base,cur_2,cur_3
0,-1,33,7,base,cur_2,cur_3
0,-1,12,-1,base,cur_2,cur_3
0,5,44,-1,base,cur_2,cur_3
0,14,27,-1,base,cur_2,cur_3
0,35,14,16,base,cur_2,cur_3
0,11,40,-1,base,cur_2,cur_3
0,-1,-1,27,base,cur_2,cur_3
0,36,-1,37,base,cur_2,cur_3
0,39,-1,7,base,cur_2,cur_3
0,-1,23,13,base,cur_2,cur_3
0,-1,-1,-1,base,cur_2,cur_3
0,7,10,29,base,cur_2,cur_3
0,15,25,46,base,cur_2,cur_3
0,47,17,41,base,cur_2,cur_3
0,-1,44,45,base,cur_2,cur_3
0,36,11,41,base,cur_2,cur_3
0,33,28,17,base,cur_2,cur_3
0,-1,-1,-1,base,cur_2,cur_3
0,20,-1,20,base,cur_2,cur_3
0,-1,8,31,base,cur_2,cur_3
0,13,7,5,base,cur_2,cur_3
0,33,39,-1,base,cur_2,cur_3
0,15,-1,-1,base,cur_2,cur_3
0,9,-1,22,base,cur_2,cur_3
0,32,-1,11,base,cur_2,cur_3
0,-1,-1,-1,base,cur_2,cur_3
0,-1,-1,-1,base,cur_2,cur_3
0,48,29,-1,base,cur_2,cur_3
0,11,16,26,base,cur_2,cur_3
0,14,15,29,base,cur_2,cur_3
0,-1,21,36,base,cur_2,cur_3
0,2,29,-1,base,cur_2,cur_3
0,31,14,34,base,cur_2,cur_3
0,-1,-1,-1,base,cur_2,cur_3
0,-1,-1,-1,base,cur_2,cur_3
0,-1,-1,42,base,cur_2,cur_3
0,7,-1,48,base,cur_2,cur_3
0,-1,-1,-1,base,cur_2,cur_3
0,44,37,16,base,cur_2,cur_3
0,6,45,44,base,cur_2,cur_3
0,10,44,7,base,cur_2,cur_3
0,27,5,9,base,cur_2,cur_3
0,10,3,38,base,cur_2,cur_3
0,38,-1,35,base,cur_2,cur_3
0,3,39,34,base,cur_2,cur_3
0,-1,-1,43,base,cur_2,cur_3
0,9,41,-1,base,cur_2,cur_3
0,7,35,5,base,cur_2,cur_3
0,39,48,-1,base,cur_2,cur_3
0,-1,-1,-1,base,cur_2,cur_3
0,-1,-1,10,base,cur_2,cur_3
0,-1,12,24,base,cur_2,cur_3
0,-1,-1,32,base,cur_2,cur_3
0,19,-1,3,base,cur_2,cur_3
0,-1,26,39,base,cur_2,cur_3
0,35,-1,-1,base,cur_2,cur_3
0,-1,-1,10,base,cur_2,cur_3
0,-1,-1,-1,base,cur_2,cur_3
0,10,10,29,base,cur_2,cur_3
0,46,42,-1,base,cur_2,cur_3
0,-1,45,42,base,cur_2,cur_3
0,-1,-1,-1,base,cur_2,cur_3
0,-1,7,7,base,cur_2,cur_3
0,15,29,12,base,cur_2,cur_3
0,21,3,4,base,cur_2,cur_3
0,-1,3,24,base,cur_2,cur_3
0,-1,29,-1,base,cur_2,cur_3
0,-1,-1,43,base,cur_2,cur_3
0,8,-1,23,base,cur_2,cur_3
0,-1,16,24,base,cur_2,cur_3
0,-1,39,10,base,cur_2,cur_3
0,3,-1,33,base,cur_2,cur_3
0,-1,25,26,base,cur_2,cur_3
0,40,49,26,base,cur_2,cur_3
0,33,24,-1,base,cur_2,cur_3
0,-1,2,9,base,cur_2,cur_3
0,5,-1,-1,base,cur_2,cur_3
0,9,46,-1,base,cur_2,cur_3
0,-1,0,-1,base,cur_2,cur_3
0,-1,-1,-1,base,cur_2,cur_3
0,-1,-1,-1,base,cur_2,cur_3
0,3,-1,-1,base,cur_2,cur_3
0,-1,9,5,base,cur_2,cur_3
0,31,17,-1,base,cur_2,cur_3
0,9,8,1,base,cur_2,cur_3
0,-1,13,-1,base,cur_2,cur_3
0,25,22,-1,base,cur_2,cur_3
0,34,-1,-1,base,cur_2,cur_3
0,0,12,-1,base,cur_2,cur_3
0,-1,14,-1,base,cur_2,cur_3
0,39,2,-1,base,cur_2,cur_3
0,18,13,-1,base,cur_2,cur_3
0,17,-1,9,base,cur_2,cur_3
0,-1,-1,-1,base,cur_2,cur_3
0,9,18,-1,base,cur_2,cur_3
0,17,26,31,base,cur_2,cur_3
0,1,2,-1,base,cur_2,cur_3
0,-1,-1,15,base,cur_2,cur_3
0,18,-1,-1,base,cur_2,cur_3
0,49,8,-1,base,cur_2,cur_3
0,-1,40,-1,base,cur_2,cur_3
0,49,36,18,base,cur_2,cur_3
0,13,41,18,base,cur_2,cur_3
0,-1,40,-1,base,cur_2,cur_3
0,-1,-1,-1,base,cur_2,cur_3
0,37,-1,-1,base,cur_2,cur_3
0,42,-1,-1,base,cur_2,cur_3
0,32,-1,-1,base,cur_2,cur_3
0,40,-1,41,base,cur_2,cur_3
0,22,0,28,base,cur_2,cur_3
0,-1,26,-1,base,cur_2,cur_3
0,12,-1,-1,base,cur_2,cur_3
0,20,-1,-1,base,cur_2,cur_3
0,-1,-1,-1,base,cur_2,cur_3
0,-1,-1,-1,base,cur_2,cur_3
0,29,33,40,base,cur_2,cur_3
0,11,-1,48,base,cur_2,cur_3
0,-1,-1,19,base,cur_2,cur_3
0,-1,32,17,base,cur_2,cur_3
0,-1,-1,6,base,cur_2,cur_3
0,-1,8,-1,base,cur_2,cur_3
0,-1,-1,11,base,cur_2,cur_3
0,-1,-1,-1,base,cur_2,cur_3
0,-1,34,-1,base,cur_2,cur_3
0,38,1,-1,base,cur_2,cur_3
0,-1,37,20,base,cur_2,cur_3
0,49,-1,33,base,cur_2,cur_3
0,-1,-1,6,base,cur_2,cur_3
0,40,4,12,base,cur_2,cur_3
0,-1,40,21,base,cur_2,cur_3
0,21,-1,-1,base,cur_2,cur_3
0,17,28,-1,base,cur_2,cur_3
0,27,46,34,base,cur_2,cur_3
0,34,16,22,base,cur_2,cur_3
0,-1,-1,8,base,cur_2,cur_3
0,-1,-1,28,base,cur_2,cur_3
0,43,25,-1,base,cur_2,cur_3
0,22,24,-1,base,cur_2,cur_3
0,-1,15,-1,base,cur_2,cur_3
0,-1,4,40,base,cur_2,cur_3
0,-1,-1,47,base,cur_2,cur_3
0,33,-1,-1,base,cur_2,cur_3
0,5,20,-1,base,cur_2,cur_3
0,46,-1,-1,base,cur_2,cur_3
0,42,-1,-1,base,cur_2,cur_3
0,-1,49,37,base,cur_2,cur_3
0,-1,9,18,base,cur_2,cur_3
0,40,-1,-1,base,cur_2,cur_3
0,-1,-1,2,base,cur_2,cur_3
0,10,-1,-1,base,cur_2,cur_3
0,-1,-1,27,base,cur_2,cur_3
0,-1,1,-1,base,cur_2,cur_3
0,-1,-1,-1,base,cur_2,cur_3
0,-1,10,1,base,cur_2,cur_3
0,37,20,20,base,cur_2,cur_3
0,-1,17,-1,base,cur_2,cur_3
0,13,7,0,base,cur_2,cur_3
0,-1,-1,-1,base,cur_2,cur_3
0,48,47,-1,base,cur_2,cur_3
0,-1,25,-1,base,cur_2,cur_3
0,-1,-1,31,base,cur_2,cur_3
0,-1,-1,36,base,cur_2,cur_3
0,-1,43,-1,base,cur_2,cur_3
0,-1,23,46,base,cur_2,cur_3
0,-1,32,-1,base,cur_2,cur_3
0,38,-1,28,base,cur_2,cur_3
0,-1,12,-1,base,cur_2,cur_3
0,-1,-1,-1,base,cur_2,cur_3
0,42,-1,13,base,cur_2,cur_3
0,7,-1,43,base,cur_2,cur_3
0,22,-1,13,base,cur_2,cur_3
0,20,-1,9,base,cur_2,cur_3
0,-1,44,1,base,cur_2,cur_3
0,-1,23,-1,base,cur_2,cur_3
0,47,-1,-1,base,cur_2,cur_3
0,-1,-1,-1,base,cur_2,cur_3
0,-1,10,47,base,cur_2,cur_3
0,19,8,42,base,cur_2,cur_3
0,-1,16,22,base,cur_2,cur_3
0,41,-1,-1,base,cur_2,cur_3
0,35,9,-1,base,cur_2,cur_3
0,45,-1,-1,base,cur_2,cur_3
0,13,-1,-1,base,cur_2,cur_3
0,-1,33,-1,base,cur_2,cur_3
0,39,-1,-1,base,cur_2,cur_3
0,38,-1,-1,base,cur_2,cur_3
0,27,-1,-1,base,cur_2,cur_3
0,22,28,3,base,cur_2,cur_3
0,-1,-1,9,base,cur_2,cur_3
0,41,31,-1,base,cur_2,cur_3
0,-1,14,-1,base,cur_2,cur_3
0,43,21,-1,base,cur_2,cur_3
0,-1,-1,45,base,cur_2,cur_3
0,1,-1,-1,base,cur_2,cur_3
0,-1,17,11,base,cur_2,cur_3
0,5,-1,-1,base,cur_2,cur_3
0,41,-1,7,base,cur_2,cur_3
0,21,-1,-1,base,cur_2,cur_3
0,-1,11,11,base,cur_2,cur_3
0,-1,23,-1,base,cur_2,cur_3
0,2,-1,19,base,cur_2,cur_3
0,40,11,35,base,cur_2,cur_3
0,24,-1,22,base,cur_2,cur_3
0,-1,-1,20,base,cur_2,cur_3
0,-1,45,27,base,cur_2,cur_3
0,-1,-1,-1,base,cur_2,cur_3
0,35,-1,19,base,cur_2,cur_3
0,-1,19,40,base,cur_2,cur_3
0,47,21,17,base,cur_2,cur_3
0,49,4,-1,base,cur_2,cur_3
0,8,39,-1,base,cur_2,cur_3
0,-1,-1,-1,base,cur_2,cur_3
0,-1,46,-1,base,cur_2,cur_3
0,35,-1,-1,base,cur_2,cur_3
0,-1,17,-1,base,cur_2,cur_3
0,-1,-1,-1,base,cur_2,cur_3
0,31,42,16,base,cur_2,cur_3
0,-1,17,31,base,cur_2,cur_3
0,7,6,-1,base,cur_2,cur_3
0,3,-1,26,base,cur_2,cur_3
0,21,40,20,base,cur_2,cur_3
0,42,46,9,base,cur_2,cur_3
0,13,-1,-1,base,cur_2,cur_3
0,-1,13,-1,base,cur_2,cur_3
0,-1,35,34,base,cur_2,cur_3
0,42,-1,40,base,cur_2,cur_3
0,46,-1,11,base,cur_2,cur_3
0,3,-1,-1,base,cur_2,cur_3
0,8,27,-1,base,cur_2,cur_3
0,32,6,41,base,cur_2,cur_3
0,1,-1,11,base,cur_2,cur_3
0,-1,-1,-1,base,cur_2,cur_3
0,5,-1,-1,base,cur_2,cur_3
0,42,2,20,base,cur_2,cur_3
0,11,-1,-1,base,cur_2,cur_3
0,41,-1,4,base,cur_2,cur_3
0,43,-1,-1,base,cur_2,cur_3
0,18,-1,-1,base,cur_2,cur_3
0,6,13,-1,base,cur_2,cur_3
0,40,27,-1,base,cur_2,cur_3
0,1,4,-1,base,cur_2,cur_3
0,16,-1,44,base,cur_2,cur_3
0,-1,-1,-1,base,cur_2,cur_3
0,3,-1,21,base,cur_2,cur_3
0,37,-1,-1,base,cur_2,cur_3
0,15,17,-1,base,cur_2,cur_3
0,12,-1,35,base,cur_2,cur_3
0,11,26,-1,base,cur_2,cur_3
0,-1,35,-1,base,cur_2,cur_3
0,-1,9,37,base,cur_2,cur_3
0,-1,32,-1,base,cur_2,cur_3
0,-1,42,-1,base,cur_2,cur_3
0,-1,15,-1,base,cur_2,cur_3
0,30,46,-1,base,cur_2,cur_3
0,-1,-1,22,base,cur_2,cur_3
0,0,25,48,base,cur_2,cur_3
0,13,46,25,base,cur_2,cur_3
0,4,3,-1,base,cur_2,cur_3
0,-1,-1,-1,base,cur_2,cur_3
0,-1,25,-1,base,cur_2,cur_3
0,34,43,-1,base,cur_2,cur_3
0,16,43,20,base,cur_2,cur_3
0,-1,13,-1,base,cur_2,cur_3
0,5,-1,-1,base,cur_2,cur_3
0,-1,-1,28,base,cur_2,cur_3
0,-1,10,25,base,cur_2,cur_3
0,18,11,-1,base,cur_2,cur_3
0,-1,-1,25,base,cur_2,cur_3
0,5,-1,-1,base,cur_2,cur_3
0,-1,36,-1,base,cur_2,cur_3
0,-1,-1,-1,base,cur_2,cur_3
0,45,-1,-1,base,cur_2,cur_3
0,49,9,43,base,cur_2,cur_3
0,35,-1,-1,base,cur_2,cur_3
0,-1,40,-1,base,cur_2,cur_3
0,-1,-1,-1,base,cur_2,cur_3
0,-1,-1,-1,base,cur_2,cur_3
0,31,46,19,base,cur_2,cur_3
0,26,-1,-1,base,cur_2,cur_3
0,-1,-1,47,base,cur_2,cur_3
0,-1,36,-1,base,cur_2,cur_3
0,-1,38,-1,base,cur_2,cur_3
0,-1,45,9,base,cur_2,cur_3
0,-1,-1,6,base,cur_2,cur_3
0,47,-1,-1,base,cur_2,cur_3
0,34,-1,-1,base,cur_2,cur_3
0,7,-1,-1,base,cur_2,cur_3
0,-1,30,-1,base,cur_2,cur_3
0,16,15,-1,base,cur_2,cur_3
0,-1,-1,37,base,cur_2,cur_3
0,-1,-1,-1,base,cur_2,cur_3
0,18,-1,-1,base,cur_2,cur_3
0,-1,37,-1,base,cur_2,cur_3
0,-1,1,-1,base,cur_2,cur_3
0,-1,-1,1,base,cur_2,cur_3
0,-1,44,-1,base,cur_2,cur_3
0,31,-1,43,base,cur_2,cur_3
0,0,-1,3,base,cur_2,cur_3
0,38,-1,17,base,cur_2,cur_3
0,0,1,-1,base,cur_2,cur_3
0,15,34,-1,base,cur_2,cur_3
0,47,-1,29,base,cur_2,cur_3
0,4,34,-1,base,cur_2,cur_3
0,-1,-1,21,base,cur_2,cur_3
0,4,-1,-1,base,cur_2,cur_3
0,-1,-1,-1,base,cur_2,cur_3
0,6,45,-1,base,cur_2,cur_3
0,43,-1,-1,base,cur_2,cur_3
0,23,14,12,base,cur_2,cur_3
0,44,34,-1,base,cur_2,cur_3
0,44,-1,-1,base,cur_2,cur_3
0,-1,11,15,base,cur_2,cur_3
0,35,46,-1,base,cur_2,cur_3
0,-1,-1,8,base,cur_2,cur_3
0,31,34,-1,base,cur_2,cur_3
0,-1,-1,48,base,cur_2,cur_3
0,-1,-1,20,base,cur_2,cur_3
0,-1,-1,32,base,cur_2,cur_3
0,9,3,20,base,cur_2,cur_3
0,-1,-1,-1,base,cur_2,cur_3
0,17,8,-1,base,cur_2,cur_3
0,-1,-1,-1,base,cur_2,cur_3
0,-1,5,-1,base,cur_2,cur_3
0,-1,2,28,base,cur_2,cur_3
0,21,-1,36,base,cur_2,cur_3
0,-1,-1,-1,base,cur_2,cur_3
0,25,-1,36,base,cur_2,cur_3
0,-1,-1,41,base,cur_2,cur_3
0,-1,-1,-1,base,cur_2,cur_3
0,-1,41,13,base,cur_2,cur_3
0,-1,2,46,base,cur_2,cur_3
0,9,-1,-1,base,cur_2,cur_3
0,-1,-1,-1,base,cur_2,cur_3
0,-1,-1,-1,base,cur_2,cur_3
0,22,-1,-1,base,cur_2,cur_3
0,-1,-1,47,base,cur_2,cur_3
0,21,-1,15,base,cur_2,cur_3
0,6,-1,10,base,cur_2,cur_3
0,18,4,-1,base,cur_2,cur_3
0,0,-1,-1,base,cur_2,cur_3
0,18,25,38,base,cur_2,cur_3
0,-1,29,18,base,cur_2,cur_3
0,15,-1,-1,base,cur_2,cur_3
0,-1,-1,8,base,cur_2,cur_3
0,26,2,21,base,cur_2,cur_3
0,35,11,-1,base,cur_2,cur_3
0,-1,-1,48,base,cur_2,cur_3
0,3,-1,-1,base,cur_2,cur_3
0,27,-1,16,base,cur_2,cur_3
0,36,-1,23,base,cur_2,cur_3
0,2,3,-1,base,cur_2,cur_3
0,-1,29,43,base,cur_2,cur_3
0,-1,14,7,base,cur_2,cur_3
0,41,-1,37,base,cur_2,cur_3
0,37,40,36,base,cur_2,cur_3
0,-1,37,-1,base,cur_2,cur_3
0,35,20,8,base,cur_2,cur_3
0,-1,-1,-1,base,cur_2,cur_3
0,-1,26,-1,base,cur_2,cur_3
0,46,-1,9,base,cur_2,cur_3
0,-1,-1,-1,base,cur_2,cur_3
0,27,-1,7,base,cur_2,cur_3
0,11,23,49,base,cur_2,cur_3
0,-1,-1,27,base,cur_2,cur_3
0,-1,11,-1,base,cur_2,cur_3
0,-1,-1,17,base,cur_2,cur_3
0,-1,16,-1,base,cur_2,cur_3
0,-1,-1,-1,base,cur_2,cur_3
0,8,32,-1,base,cur_2,cur_3
0,26,2,33,base,cur_2,cur_3
0,-1,-1,-1,base,cur_2,cur_3
0,-1,14,24,base,cur_2,cur_3
0,13,-1,-1,base,cur_2,cur_3
0,44,15,8,base,cur_2,cur_3
0,9,8,41,base,cur_2,cur_3
0,0,13,29,base,cur_2,cur_3
0,26,-1,22,base,cur_2,cur_3
0,-1,-1,-1,base,cur_2,cur_3
0,37,-1,-1,base,cur_2,cur_3
0,29,-1,-1,base,cur_2,cur_3
0,37,49,13,base,cur_2,cur_3
0,1,1,8,base,cur_2,cur_3
0,-1,4,-1,base,cur_2,cur_3
0,14,0,-1,base,cur_2,cur_3
0,31,9,-1,base,cur_2,cur_3
0,15,-1,12,base,cur_2,cur_3
0,-1,-1,26,base,cur_2,cur_3
0,12,38,3,base,cur_2,cur_3
0,23,34,21,base,cur_2,cur_3
0,45,-1,27,base,cur_2,cur_3
0,4,7,-1,base,cur_2,cur_3
0,13,-1,48,base,cur_2,cur_3
0,21,-1,-1,base,cur_2,cur_3
0,-1,36,34,base,cur_2,cur_3
0,-1,-1,10,base,cur_2,cur_3
0,39,-1,-1,base,cur_2,cur_3
0,18,-1,31,base,cur_2,cur_3
0,-1,-1,14,base,cur_2,cur_3
0,-1,-1,48,base,cur_2,cur_3
0,48,-1,28,base,cur_2,cur_3
0,-1,-1,-1,base,cur_2,cur_3
0,-1,44,-1,base,cur_2,cur_3
0,36,17,-1,base,cur_2,cur_3
0,-1,19,38,base,cur_2,cur_3
0,-1,-1,-1,base,cur_2,cur_3
0,-1,35,3,base,cur_2,cur_3
0,-1,-1,-1,base,cur_2,cur_3
0,-1,23,-1,base,cur_2,cur_3
0,1,-1,22,base,cur_2,cur_3
0,-1,-1,-1,base,cur_2,cur_3
0,-1,45,-1,base,cur_2,cur_3
0,-1,-1,-1,base,cur_2,cur_3
0,41,-1,-1,base,cur_2,cur_3
0,6,-1,3,base,cur_2,cur_3
0,5,-1,25,base,cur_2,cur_3
0,-1,-1,-1,base,cur_2,cur_3
0,-1,-1,-1,base,cur_2,cur_3
0,22,24,-1,base,cur_2,cur_3
0,-1,38,0,base,cur_2,cur_3
0,-1,22,-1,base,cur_2,cur_3
0,18,-1,-1,base,cur_2,cur_3
0,31,-1,27,base,cur_2,cur_3
0,-1,-1,-1,base,cur_2,cur_3
0,49,38,-1,base,cur_2,cur_3
0,25,-1,-1,base,cur_2,cur_3
0,27,12,11,base,cur_2,cur_3
0,-1,-1,1,base,cur_2,cur_3
0,-1,-1,-1,base,cur_2,cur_3
0,48,-1,-1,base,cur_2,cur_3
0,5,-1,-1,base,cur_2,cur_3
0,34,3,28,base,cur_2,cur_3
0,21,4,-1,base,cur_2,cur_3
0,6,25,21,base,cur_2,cur_3
0,40,-1,11,base,cur_2,cur_3
0,40,3,43,base,cur_2,cur_3
0,-1,-1,-1,base,cur_2,cur_3
0,21,-1,-1,base,cur_2,cur_3
0,36,-1,3,base,cur_2,cur_3
0,23,44,-1,base,cur_2,cur_3
0,-1,-1,7,base,cur_2,cur_3
0,1,8,-1,base,cur_2,cur_3
0,22,23,-1,base,cur_2,cur_3
0,41,-1,-1,base,cur_2,cur_3
0,-1,6,-1,base,cur_2,cur_3
0,24,-1,-1,base,cur_2,cur_3
0,41,5,10,base,cur_2,cur_3
0,46,1,31,base,cur_2,cur_3
0,28,-1,-1,base,cur_2,cur_3
0,-1,-1,9,base,cur_2,cur_3
0,-1,7,23,base,cur_2,cur_3
0,-1,-1,48,base,cur_2,cur_3
0,-1,21,-1,base,cur_2,cur_3
0,-1,-1,-1,base,cur_2,cur_3
0,47,4,-1,base,cur_2,cur_3
0,-1,8,-1,base,cur_2,cur_3
0,-1,-1,43,base,cur_2,cur_3
0,-1,8,12,base,cur_2,cur_3
0,-1,-1,33,base,cur_2,cur_3
0,-1,-1,-1,base,cur_2,cur_3
0,-1,47,19,base,cur_2,cur_3
0,11,29,38,base,cur_2,cur_3
0,-1,31,-1,base,cur_2,cur_3
0,6,-1,2,base,cur_2,cur_3
0,42,-1,34,base,cur_2,cur_3
0,13,42,45,base,cur_2,cur_3
0,46,34,38,base,cur_2,cur_3
0,14,29,27,base,cur_2,cur_3
0,-1,-1,42,base,cur_2,cur_3
0,43,30,49,base,cur_2,cur_3
0,-1,43,-1,base,cur_2,cur_3
0,19,-1,45,base,cur_2,cur_3
0,-1,26,-1,base,cur_2,cur_3
0,46,-1,18,base,cur_2,cur_3
0,-1,-1,4,base,cur_2,cur_3
0,-1,31,40,base,cur_2,cur_3
0,8,21,-1,base,cur_2,cur_3
0,-1,-1,-1,base,cur_2,cur_3
0,-1,33,41,base,cur_2,cur_3
0,-1,32,44,base,cur_2,cur_3
0,-1,5,-1,base,cur_2,cur_3
0,-1,6,32,base,cur_2,cur_3
0,6,-1,24,base,cur_2,cur_3
0,-1,31,-1,base,cur_2,cur_3
0,35,-1,49,base,cur_2,cur_3
0,-1,-1,25,base,cur_2,cur_3
0,-1,49,11,base,cur_2,cur_3
0,-1,16,42,base,cur_2,cur_3
0,-1,-1,-1,base,cur_2,cur_3
0,42,12,-1,base,cur_2,cur_3
0,-1,-1,36,base,cur_2,cur_3
0,-1,-1,27,base,cur_2,cur_3
0,43,-1,-1,base,cur_2,cur_3
0,-1,30,-1,base,cur_2,cur_3
0,37,-1,-1,base,cur_2,cur_3
0,-1,42,28,base,cur_2,cur_3
0,-1,6,26,base,cur_2,cur_3
0,-1,-1,-1,base,cur_2,cur_3
0,-1,1,19,base,cur_2,cur_3
0,-1,-1,46,base,cur_2,cur_3
0,-1,47,-1,base,cur_2,cur_3
0,-1,-1,-1,base,cur_2,cur_3
0,39,-1,-1,base,cur_2,cur_3
0,-1,25,41,base,cur_2,cur_3
0,7,18,11,base,cur_2,cur_3
0,-1,13,-1,base,cur_2,cur_3
0,-1,8,3,base,cur_2,cur_3
0,-1,-1,-1,base,cur_2,cur_3
0,15,28,-1,base,cur_2,cur_3
0,19,-1,-1,base,cur_2,cur_3
0,-1,-1,20,base,cur_2,cur_3
0,36,28,-1,base,cur_2,cur_3
0,47,17,43,base,cur_2,cur_3
0,34,-1,43,base,cur_2,cur_3
0,17,12,-1,base,cur_2,cur_3
0,7,-1,-1,base,cur_2,cur_3
0,3,-1,-1,base,cur_2,cur_3
0,45,-1,-1,base,cur_2,cur_3
0,26,-1,-1,base,cur_2,cur_3
0,-1,-1,42,base,cur_2,cur_3
0,18,-1,29,base,cur_2,cur_3
0,31,-1,-1,base,cur_2,cur_3
0,-1,5,6,base,cur_2,cur_3
0,46,-1,33,base,cur_2,cur_3
0,-1,-1,-1,base,cur_2,cur_3
0,-1,1,-1,base,cur_2,cur_3
0,-1,-1,-1,base,cur_2,cur_3
0,-1,-1,15,base,cur_2,cur_3
0,35,20,10,base,cur_2,cur_3
0,-1,-1,44,base,cur_2,cur_3
0,20,24,34,base,cur_2,cur_3
0,-1,-1,-1,base,cur_2,cur_3
0,-1,38,6,base,cur_2,cur_3
0,-1,27,46,base,cur_2,cur_3
0,40,10,-1,base,cur_2,cur_3
0,-1,35,25,base,cur_2,cur_3
0,-1,34,15,base,cur_2,cur_3
0,-1,43,30,base,cur_2,cur_3
0,-1,-1,1,base,cur_2,cur_3
0,33,16,-1,base,cur_2,cur_3
0,-1,-1,-1,base,cur_2,cur_3
0,1,-1,43,base,cur_2,cur_3
0,-1,-1,5,base,cur_2,cur_3
0,34,-1,-1,base,cur_2,cur_3
0,-1,-1,-1,base,cur_2,cur_3
0,22,-1,32,base,cur_2,cur_3
0,-1,23,-1,base,cur_2,cur_3
0,15,49,-1,base,cur_2,cur_3
0,-1,28,17,base,cur_2,cur_3
0,-1,13,-1,base,cur_2,cur_3
0,12,-1,6,base,cur_2,cur_3
0,34,34,15,base,cur_2,cur_3
0,-1,30,-1,base,cur_2,cur_3
0,30,20,-1,base,cur_2,cur_3
0,43,-1,25,base,cur_2,cur_3
0,-1,-1,10,base,cur_2,cur_3
0,-1,-1,15,base,cur_2,cur_3
0,4,-1,-1,base,cur_2,cur_3
0,13,37,14,base,cur_2,cur_3
0,0,5,29,base,cur_2,cur_3
0,24,14,7,base,cur_2,cur_3
0,-1,-1,-1,base,cur_2,cur_3
0,42,-1,15,base,cur_2,cur_3
0,-1,36,18,base,cur_2,cur_3
0,-1,4,8,base,cur_2,cur_3
0,-1,-1,32,base,cur_2,cur_3
0,23,37,-1,base,cur_2,cur_3
0,45,22,2,base,cur_2,cur_3
0,-1,-1,-1,base,cur_2,cur_3
0,47,26,17,base,cur_2,cur_3
0,35,28,-1,base,cur_2,cur_3
0,-1,-1,13,base,cur_2,cur_3
0,41,4,-1,base,cur_2,cur_3
0,-1,23,20,base,cur_2,cur_3
0,46,-1,-1,base,cur_2,cur_3
0,-1,-1,11,base,cur_2,cur_3
0,-1,5,26,base,cur_2,cur_3
0,-1,13,32,base,cur_2,cur_3
0,-1,-1,45,base,cur_2,cur_3
0,11,3,40,base,cur_2,cur_3
0,47,-1,-1,base,cur_2,cur_3
0,-1,46,48,base,cur_2,cur_3
0,24,-1,26,base,cur_2,cur_3
0,-1,14,-1,base,cur_2,cur_3
0,5,-1,-1,base,cur_2,cur_3
0,20,49,3,base,cur_2,cur_3
0,-1,-1,16,base,cur_2,cur_3
0,4,-1,22,base,cur_2,cur_3
0,-1,-1,-1,base,cur_2,cur_3
0,36,32,-1,base,cur_2,cur_3
0,30,24,22,base,cur_2,cur_3
0,-1,1,-1,base,cur_2,cur_3
0,-1,28,-1,base,cur_2,cur_3
0,-1,-1,-1,base,cur_2,cur_3
0,-1,31,-1,base,cur_2,cur_3
0,23,31,-1,base,cur_2,cur_3
0,-1,39,2,base,cur_2,cur_3
0,-1,-1,-1,base,cur_2,cur_3
0,-1,-1,-1,base,cur_2,cur_3
0,-1,34,44,base,cur_2,cur_3
0,15,33,47,base,cur_2,cur_3
0,34,9,-1,base,cur_2,cur_3
0,38,-1,-1,base,cur_2,cur_3
0,-1,-1,-1,base,cur_2,cur_3
0,-1,7,-1,base,cur_2,cur_3
0,21,-1,16,base,cur_2,cur_3
0,-1,-1,-1,base,cur_2,cur_3
0,-1,-1,-1,base,cur_2,cur_3
0,24,-1,22,base,cur_2,cur_3
0,14,-1,22,base,cur_2,cur_3
0,22,39,26,base,cur_2,cur_3
0,5,-1,-1,base,cur_2,cur_3
0,35,-1,-1,base,cur_2,cur_3
0,-1,35,35,base,cur_2,cur_3
0,-1,48,14,base,cur_2,cur_3
0,-1,-1,-1,base,cur_2,cur_3
0,-1,30,-1,base,cur_2,cur_3
0,-1,9,11,base,cur_2,cur_3
0,-1,23,25,base,cur_2,cur_3
0,4,-1,6,base,cur_2,cur_3
0,42,14,10,base,cur_2,cur_3
0,-1,-1,-1,base,cur_2,cur_3
0,-1,-1,-1,base,cur_2,cur_3
0,25,15,28,base,cur_2,cur_3
0,24,37,-1,base,cur_2,cur_3
0,11,45,-1,base,cur_2,cur_3
0,26,36,-1,base,cur_2,cur_3
0,-1,0,40,base,cur_2,cur_3
0,25,-1,-1,base,cur_2,cur_3
0,40,-1,-1,base,cur_2,cur_3
0,17,1,26,base,cur_2,cur_3
0,-1,-1,-1,base,cur_2,cur_3
0,-1,-1,22,base,cur_2,cur_3
0,15,-1,24,base,cur_2,cur_3
0,40,40,-1,base,cur_2,cur_3
0,-1,20,32,base,cur_2,cur_3
0,-1,-1,-1,base,cur_2,cur_3
0,-1,12,35,base,cur_2,cur_3
0,-1,49,-1,base,cur_2,cur_3
0,22,9,-1,base,cur_2,cur_3
0,36,-1,28,base,cur_2,cur_3
0,-1,14,-1,base,cur_2,cur_3
0,30,-1,-1,base,cur_2,cur_3
0,16,21,-1,base,cur_2,cur_3
0,-1,39,43,base,cur_2,cur_3
0,-1,-1,-1,base,cur_2,cur_3
0,37,-1,-1,base,cur_2,cur_3
0,-1,42,31,base,cur_2,cur_3
0,16,-1,25,base,cur_2,cur_3
0,-1,-1,-1,base,cur_2,cur_3
0,-1,45,0,base,cur_2,cur_3
0,-1,-1,-1,base,cur_2,cur_3
0,-1,17,-1,base,cur_2,cur_3
0,35,45,27,base,cur_2,cur_3
0,39,49,-1,base,cur_2,cur_3
0,-1,9,-1,base,cur_2,cur_3
0,24,41,-1,base,cur_2,cur_3
0,3,18,43,base,cur_2,cur_3
0,-1,-1,40,base,cur_2,cur_3
0,-1,9,46,base,cur_2,cur_3
0,-1,-1,-1,base,cur_2,cur_3
0,11,-1,-1,base,cur_2,cur_3
0,-1,-1,-1,base,cur_2,cur_3
0,-1,18,-1,base,cur_2,cur_3
0,23,0,12,base,cur_2,cur_3
0,3,-1,-1,base,cur_2,cur_3
0,33,2,-1,base,cur_2,cur_3
0,7,-1,-1,base,cur_2,cur_3
0,38,19,14,base,cur_2,cur_3
0,46,-1,-1,base,cur_2,cur_3
0,26,31,-1,base,cur_2,cur_3
0,32,33,13,base,cur_2,cur_3
0,4,-1,-1,base,cur_2,cur_3
0,46,27,2,base,cur_2,cur_3
0,-1,15,-1,base,cur_2,cur_3
0,26,-1,23,base,cur_2,cur_3
0,1,-1,22,base,cur_2,cur_3
0,23,-1,-1,base,cur_2,cur_3
0,1,-1,23,base,cur_2,cur_3
0,-1,1,10,base,cur_2,cur_3
0,18,6,-1,base,cur_2,cur_3
0,8,38,2,base,cur_2,cur_3
0,-1,42,26,base,cur_2,cur_3
0,-1,-1,23,base,cur_2,cur_3
0,42,-1,26,base,cur_2,cur_3
0,-1,-1,20,base,cur_2,cur_3
0,7,27,-1,base,cur_2,cur_3
0,24,-1,2,base,cur_2,cur_3
0,23,-1,-1,base,cur_2,cur_3
0,15,26,23,base,cur_2,cur_3
0,49,42,-1,base,cur_2,cur_3
0,-1,41,-1,base,cur_2,cur_3
0,37,44,-1,base,cur_2,cur_3
0,43,-1,2,base,cur_2,cur_3
0,48,-1,3,base,cur_2,cur_3
0,-1,14,30,base,cur_2,cur_3
0,-1,-1,16,base,cur_2,cur_3
0,-1,-1,1,base,cur_2,cur_3
0,34,-1,-1,base,cur_2,cur_3
0,-1,-1,-1,base,cur_2,cur_3
0,-1,-1,9,base,cur_2,cur_3
0,-1,-1,7,base,cur_2,cur_3
0,39,-1,40,base,cur_2,cur_3
0,-1,-1,-1,base,cur_2,cur_3
0,4,26,38,base,cur_2,cur_3
0,34,40,-1,base,cur_2,cur_3
0,25,44,36,base,cur_2,cur_3
0,-1,-1,8,base,cur_2,cur_3
0,-1,-1,-1,base,cur_2,cur_3
0,18,-1,-1,base,cur_2,cur_3
0,30,-1,38,base,cur_2,cur_3
0,-1,13,-1,base,cur_2,cur_3
0,-1,-1,-1,base,cur_2,cur_3
0,-1,14,-1,base,cur_2,cur_3
0,49,-1,-1,base,cur_2,cur_3
0,22,-1,-1,base,cur_2,cur_3
0,-1,14,-1,base,cur_2,cur_3
0,-1,-1,-1,base,cur_2,cur_3
0,-1,35,-1,base,cur_2,cur_3
0,12,-1,25,base,cur_2,cur_3
0,1,-1,11,base,cur_2,cur_3
0,-1,-1,-1,base,cur_2,cur_3
0,1,-1,2,base,cur_2,cur_3
0,20,-1,45,base,cur_2,cur_3
0,21,7,-1,base,cur_2,cur_3
0,-1,-1,-1,base,cur_2,cur_3
0,38,-1,39,base,cur_2,cur_3
0,37,7,32,base,cur_2,cur_3
0,-1,-1,45,base,cur_2,cur_3
0,-1,-1,-1,base,cur_2,cur_3
0,26,23,-1,base,cur_2,cur_3
0,31,-1,-1,base,cur_2,cur_3
0,-1,-1,42,base,cur_2,cur_3
0,25,-1,1,base,cur_2,cur_3
0,-1,10,4,base,cur_2,cur_3
0,39,-1,26,base,cur_2,cur_3
0,-1,-1,6,base,cur_2,cur_3
0,18,-1,-1,base,cur_2,cur_3
0,7,-1,31,base,cur_2,cur_3
0,11,-1,43,base,cur_2,cur_3
0,40,16,45,base,cur_2,cur_3
0,-1,-1,-1,base,cur_2,cur_3
0,-1,38,34,base,cur_2,cur_3
0,15,31,15,base,cur_2,cur_3
0,-1,-1,2,base,cur_2,cur_3
0,-1,21,36,base,cur_2,cur_3
0,20,-1,-1,base,cur_2,cur_3
0,10,-1,-1,base,cur_2,cur_3
0,-1,10,-1,base,cur_2,cur_3
0,27,-1,-1,base,cur_2,cur_3
0,44,-1,25,base,cur_2,cur_3
0,-1,-1,-1,base,cur_2,cur_3
0,-1,-1,46,base,cur_2,cur_3
0,8,24,39,base,cur_2,cur_3
0,-1,18,-1,base,cur_2,cur_3
0,2,47,27,base,cur_2,cur_3
0,12,27,5,base,cur_2,cur_3
0,39,46,-1,base,cur_2,cur_3
0,47,10,38,base,cur_2,cur_3
0,1,-1,48,base,cur_2,cur_3
0,-1,-1,-1,base,cur_2,cur_3
0,5,-1,39,base,cur_2,cur_3
0,-1,40,-1,base,cur_2,cur_3
0,20,17,-1,base,cur_2,cur_3
0,-1,-1,-1,base,cur_2,cur_3
0,42,27,35,base,cur_2,cur_3
0,5,-1,30,base,cur_2,cur_3
0,26,30,33,base,cur_2,cur_3
0,-1,38,-1,base,cur_2,cur_3
0,32,-1,-1,base,cur_2,cur_3
0,34,9,-1,base,cur_2,cur_3
0,-1,-1,-1,base,cur_2,cur_3
0,29,-1,9,base,cur_2,cur_3
0,-1,-1,14,base,cur_2,cur_3
0,-1,-1,-1,base,cur_2,cur_3
0,26,-1,23,base,cur_2,cur_3
0,49,45,-1,base,cur_2,cur_3
0,33,-1,44,base,cur_2,cur_3
0,16,-1,-1,base,cur_2,cur_3
0,12,4,-1,base,cur_2,cur_3
0,-1,-1,44,base,cur_2,cur_3
0,22,34,-1,base,cur_2,cur_3
0,25,4,-1,base,cur_2,cur_3
0,9,27,15,base,cur_2,cur_3
0,-1,27,-1,base,cur_2,cur_3
0,4,-1,-1,base,cur_2,cur_3
0,-1,-1,3,base,cur_2,cur_3
0,38,-1,-1,base,cur_2,cur_3
0,3,-1,-1,base,cur_2,cur_3
0,16,-1,-1,base,cur_2,cur_3
0,44,-1,31,base,cur_2,cur_3
0,-1,-1,7,base,cur_2,cur_3
0,-1,43,-1,base,cur_2,cur_3
0,-1,-1,-1,base,cur_2,cur_3
0,7,35,8,base,cur_2,cur_3
0,28,-1,47,base,cur_2,cur_3
0,-1,-1,45,base,cur_2,cur_3
0,11,-1,-1,base,cur_2,cur_3
0,22,49,47,base,cur_2,cur_3
0,43,28,15,base,cur_2,cur_3
0,-1,7,-1,base,cur_2,cur_3
0,-1,-1,-1,base,cur_2,cur_3
0,-1,-1,36,base,cur_2,cur_3
0,9,-1,-1,base,cur_2,cur_3
0,-1,15,26,base,cur_2,cur_3
0,-1,28,18,base,cur_2,cur_3
0,21,-1,27,base,cur_2,cur_3
0,-1,-1,41,base,cur_2,cur_3
0,-1,-1,43,base,cur_2,cur_3
0,5,-1,44,base,cur_2,cur_3
0,25,49,-1,base,cur_2,cur_3
0,43,-1,-1,base,cur_2,cur_3
0,-1,33,-1,base,cur_2,cur_3
0,28,40,14,base,cur_2,cur_3
0,16,22,-1,base,cur_2,cur_3
0,-1,-1,-1,base,cur_2,cur_3
0,13,-1,-1,base,cur_2,cur_3
0,48,-1,35,base,cur_2,cur_3
0,-1,-1,-1,base,cur_2,cur_3
0,0,25,-1,base,cur_2,cur_3
0,-1,-1,-1,base,cur_2,cur_3
0,-1,29,-1,base,cur_2,cur_3
0,17,-1,-1,base,cur_2,cur_3
0,-1,1,37,base,cur_2,cur_3
0,23,15,-1,base,cur_2,cur_3
0,35,-1,18,base,cur_2,cur_3
0,17,21,1,base,cur_2,cur_3
0,45,17,-1,base,cur_2,cur_3
0,27,48,-1,base,cur_2,cur_3
0,0,-1,14,base,cur_2,cur_3
0,-1,20,-1,base,cur_2,cur_3
0,-1,-1,-1,base,cur_2,cur_3
0,49,-1,29,base,cur_2,cur_3
0,37,36,-1,base,cur_2,cur_3
0,45,8,-1,base,cur_2,cur_3
0,-1,-1,21,base,cur_2,cur_3
0,28,-1,-1,base,cur_2,cur_3
0,31,5,43,base,cur_2,cur_3
0,18,-1,39,base,cur_2,cur_3
0,-1,35,29,base,cur_2,cur_3
0,28,-1,-1,base,cur_2,cur_3
0,49,-1,17,base,cur_2,cur_3
0,30,49,24,base,cur_2,cur_3
0,-1,-1,-1,base,cur_2,cur_3
0,-1,19,45,base,cur_2,cur_3
0,31,-1,-1,base,cur_2,cur_3
0,49,17,34,base,cur_2,cur_3
0,7,-1,-1,base,cur_2,cur_3
0,-1,-1,16,base,cur_2,cur_3
0,-1,-1,19,base,cur_2,cur_3
0,-1,18,-1,base,cur_2,cur_3
0,20,-1,-1,base,cur_2,cur_3
0,-1,-1,-1,base,cur_2,cur_3
0,-1,-1,-1,base,cur_2,cur_3
0,26,12,-1,base,cur_2,cur_3
0,-1,-1,17,base,cur_2,cur_3
0,-1,29,-1,base,cur_2,cur_3
0,30,-1,33,base,cur_2,cur_3
0,-1,-1,19,base,cur_2,cur_3
0,20,45,42,base,cur_2,cur_3
0,32,19,44,base,cur_2,cur_3
0,-1,-1,-1,base,cur_2,cur_3
0,1,39,10,base,cur_2,cur_3
0,10,30,-1,base,cur_2,cur_3
0,-1,38,26,base,cur_2,cur_3
0,48,-1,-1,base,cur_2,cur_3
0,2,30,24,base,cur_2,cur_3
0,15,19,30,base,cur_2,cur_3
0,49,-1,-1,base,cur_2,cur_3
0,-1,-1,26,base,cur_2,cur_3
0,-1,-1,-1,base,cur_2,cur_3
0,30,-1,-1,base,cur_2,cur_3
0,4,8,2,base,cur_2,cur_3
0,39,-1,-1,base,cur_2,cur_3
0,-1,-1,40,base,cur_2,cur_3
0,37,-1,-1,base,cur_2,cur_3
0,37,-1,-1,base,cur_2,cur_3
0,43,43,9,base,cur_2,cur_3
0,47,13,43,base,cur_2,cur_3
0,-1,-1,15,base,cur_2,cur_3
0,45,12,27,base,cur_2,cur_3
0,15,20,37,base,cur_2,cur_3
0,-1,-1,-1,base,cur_2,cur_3
0,45,1,-1,base,cur_2,cur_3
0,-1,-1,7,base,cur_2,cur_3
0,-1,13,-1,base,cur_2,cur_3
0,-1,-1,-1,base,cur_2,cur_3
0,-1,-1,13,base,cur_2,cur_3
0,41,28,-1,base,cur_2,cur_3
0,-1,-1,-1,base,cur_2,cur_3
0,25,46,16,base,cur_2,cur_3
0,-1,-1,-1,base,cur_2,cur_3
0,-1,7,-1,base,cur_2,cur_3
0,3,34,48,base,cur_2,cur_3
0,42,22,42,base,cur_2,cur_3
0,29,28,23,base,cur_2,cur_3
0,40,-1,-1,base,cur_2,cur_3
0,-1,-1,16,base,cur_2,cur_3
0,4,12,33,base,cur_2,cur_3
0,30,46,41,base,cur_2,cur_3
0,-1,-1,34,base,cur_2,cur_3
0,14,32,7,base,cur_2,cur_3
0,12,-1,11,base,cur_2,cur_3
0,14,-1,-1,base,cur_2,cur_3
0,23,-1,0,base,cur_2,cur_3
0,5,4,-1,base,cur_2,cur_3
0,-1,-1,19,base,cur_2,cur_3
0,-1,35,-1,base,cur_2,cur_3
0,4,1,-1,base,cur_2,cur_3
0,11,-1,-1,base,cur_2,cur_3
0,-1,28,46,base,cur_2,cur_3
0,42,-1,-1,base,cur_2,cur_3
0,28,43,29,base,cur_2,cur_3
0,1,-1,-1,base,cur_2,cur_3
0,-1,31,14,base,cur_2,cur_3
0,24,-1,-1,base,cur_2,cur_3
0,-1,-1,-1,base,cur_2,cur_3
0,4,-1,-1,base,cur_2,cur_3
0,35,-1,16,base,cur_2,cur_3
0,39,-1,-1,base,cur_2,cur_3
0,-1,-1,-1,base,cur_2,cur_3
0,-1,-1,-1,base,cur_2,cur_3
0,-1,-1,30,base,cur_2,cur_3
0,-1,1,-1,base,cur_2,cur_3
0,21,-1,-1,base,cur_2,cur_3
0,16,25,39,base,cur_2,cur_3
0,18,-1,29,base,cur_2,cur_3
0,-1,-1,-1,base,cur_2,cur_3
0,-1,-1,20,base,cur_2,cur_3
0,31,35,33,base,cur_2,cur_3
0,7,-1,32,base,cur_2,cur_3
0,-1,6,22,base,cur_2,cur_3
0,47,-1,23,base,cur_2,cur_3
0,29,28,19,base,cur_2,cur_3
0,-1,-1,-1,base,cur_2,cur_3
0,-1,41,26,base,cur_2,cur_3
0,-1,-1,-1,base,cur_2,cur_3
0,44,-1,11,base,cur_2,cur_3
0,17,-1,35,base,cur_2,cur_3
0,-1,-1,-1,base,cur_2,cur_3
0,0,0,-1,base,cur_2,cur_3
0,18,-1,-1,base,cur_2,cur_3
0,23,-1,-1,base,cur_2,cur_3
0,15,17,47,base,cur_2,cur_3
0,-1,33,44,base,cur_2,cur_3
0,19,8,4,base,cur_2,cur_3
0,-1,-1,23,base,cur_2,cur_3
0,8,32,3,base,cur_2,cur_3
0,6,-1,-1,base,cur_2,cur_3
0,-1,-1,30,base,cur_2,cur_3
0,-1,-1,7,base,cur_2,cur_3
0,-1,45,-1,base,cur_2,cur_3
0,-1,-1,-1,base,cur_2,cur_3
0,6,-1,-1,base,cur_2,cur_3
0,-1,29,33,base,cur_2,cur_3
0,32,-1,-1,base,cur_2,cur_3
0,17,-1,25,base,cur_2,cur_3
0,49,17,8,base,cur_2,cur_3
0,14,36,-1,base,cur_2,cur_3
0,-1,23,18,base,cur_2,cur_3
0,1,-1,-1,base,cur_2,cur_3
0,14,5,22,base,cur_2,cur_3
0,-1,14,29,base,cur_2,cur_3
0,-1,4,-1,base,cur_2,cur_3
0,-1,27,5,base,cur_2,cur_3
0,-1,-1,-1,base,cur_2,cur_3
0,43,13,28,base,cur_2,cur_3
0,-1,-1,-1,base,cur_2,cur_3
0,16,23,49,base,cur_2,cur_3
0,-1,-1,44,base,cur_2,cur_3
0,-1,-1,21,base,cur_2,cur_3
0,-1,25,-1,base,cur_2,cur_3
0,-1,47,47,base,cur_2,cur_3
0,-1,-1,-1,base,cur_2,cur_3
0,26,25,19,base,cur_2,cur_3
0,28,-1,-1,base,cur_2,cur_3
0,-1,-1,-1,base,cur_2,cur_3
0,6,-1,-1,base,cur_2,cur_3
0,13,-1,-1,base,cur_2,cur_3
0,19,8,6,base,cur_2,cur_3
0,48,9,39,base,cur_2,cur_3
0,-1,25,-1,base,cur_2,cur_3
0,47,-1,47,base,cur_2,cur_3
0,3,-1,13,base,cur_2,cur_3
0,22,39,22,base,cur_2,cur_3
0,-1,49,8,base,cur_2,cur_3
0,0,29,44,base,cur_2,cur_3
0,-1,14,-1,base,cur_2,cur_3
0,23,-1,-1,base,cur_2,cur_3
0,18,-1,-1,base,cur_2,cur_3
0,15,37,-1,base,cur_2,cur_3
0,49,23,10,base,cur_2,cur_3
0,43,25,12,base,cur_2,cur_3
0,-1,-1,2,base,cur_2,cur_3
0,37,-1,-1,base,cur_2,cur_3
0,-1,31,26,base,cur_2,cur_3
0,-1,-1,-1,base,cur_2,cur_3
0,25,34,-1,base,cur_2,cur_3
0,-1,-1,-1,base,cur_2,cur_3
0,-1,-1,-1,base,cur_2,cur_3
0,-1,39,26,base,cur_2,cur_3
0,3,-1,33,base,cur_2,cur_3
0,24,-1,39,base,cur_2,cur_3
0,16,-1,47,base,cur_2,cur_3
0,49,11,10,base,cur_2,cur_3
0,2,25,0,base,cur_2,cur_3
0,-1,2,23,base,cur_2,cur_3
0,-1,48,36,base,cur_2,cur_3
0,-1,-1,12,base,cur_2,cur_3
0,2,49,24,base,cur_2,cur_3
0,-1,-1,-1,base,cur_2,cur_3
0,-1,19,13,base,cur_2,cur_3
0,-1,-1,-1,base,cur_2,cur_3
0,30,-1,30,base,cur_2,cur_3
0,34,0,-1,base,cur_2,cur_3
0,17,27,42,base,cur_2,cur_3
0,7,9,-1,base,cur_2,cur_3
0,19,-1,46,base,cur_2,cur_3
0,16,15,45,base,cur_2,cur_3
0,19,-1,49,base,cur_2,cur_3
0,-1,-1,13,base,cur_2,cur_3
0,18,23,-1,base,cur_2,cur_3
0,-1,-1,-1,base,cur_2,cur_3
0,26,18,15,base,cur_2,cur_3
0,43,30,-1,base,cur_2,cur_3
0,-1,-1,40,base,cur_2,cur_3
0,-1,14,7,base,cur_2,cur_3
0,40,-1,44,base,cur_2,cur_3
0,-1,-1,25,base,cur_2,cur_3
0,0,-1,-1,base,cur_2,cur_3
0,-1,15,47,base,cur_2,cur_3
0,-1,-1,11,base,cur_2,cur_3
0,8,-1,-1,base,cur_2,cur_3
0,4,4,-1,base,cur_2,cur_3
0,31,-1,37,base,cur_2,cur_3
0,-1,20,11,base,cur_2,cur_3
0,42,21,-1,base,cur_2,cur_3
0,31,-1,-1,base,cur_2,cur_3
0,35,31,-1,base,cur_2,cur_3
0,-1,-1,-1,base,cur_2,cur_3
0,-1,-1,13,base,cur_2,cur_3
0,26,2,26,base,cur_2,cur_3
0,-1,-1,-1,base,cur_2,cur_3
0,-1,39,-1,base,cur_2,cur_3
0,44,-1,27,base,cur_2,cur_3
0,19,-1,-1,base,cur_2,cur_3
0,-1,33,-1,base,cur_2,cur_3
0,-1,-1,0,base,cur_2,cur_3
0,-1,-1,-1,base,cur_2,cur_3
0,5,41,35,base,cur_2,cur_3
0,-1,-1,11,base,cur_2,cur_3
0,-1,24,24,base,cur_2,cur_3
0,7,44,39,base,cur_2,cur_3
0,-1,-1,19,base,cur_2,cur_3
0,7,-1,-1,base,cur_2,cur_3
0,4,-1,-1,base,cur_2,cur_3
0,-1,37,12,base,cur_2,cur_3
0,-1,-1,-1,base,cur_2,cur_3
0,-1,-1,-1,base,cur_2,cur_3
0,34,42,7,base,cur_2,cur_3
0,-1,8,45,base,cur_2,cur_3
0,38,27,39,base,cur_2,cur_3
0,-1,-1,40,base,cur_2,cur_3
0,-1,8,-1,base,cur_2,cur_3
0,-1,13,-1,base,cur_2,cur_3
0,-1,-1,-1,base,cur_2,cur_3
0,8,23,-1,base,cur_2,cur_3
0,35,-1,21,base,cur_2,cur_3
0,10,-1,34,base,cur_2,cur_3
0,-1,15,-1,base,cur_2,cur_3
0,-1,21,13,base,cur_2,cur_3
0,-1,8,-1,base,cur_2,cur_3
0,-1,2,-1,base,cur_2,cur_3
0,36,36,18,base,cur_2,cur_3
0,29,48,-1,base,cur_2,cur_3
0,3,-1,-1,base,cur_2,cur_3
0,31,31,46,base,cur_2,cur_3
0,-1,-1,-1,base,cur_2,cur_3
0,-1,39,-1,base,cur_2,cur_3
0,2,-1,18,base,cur_2,cur_3
0,39,32,-1,base,cur_2,cur_3
0,-1,-1,23,base,cur_2,cur_3
0,38,33,22,base,cur_2,cur_3
0,-1,-1,-1,base,cur_2,cur_3
0,49,-1,42,base,cur_2,cur_3
0,-1,-1,29,base,cur_2,cur_3
0,31,-1,1,base,cur_2,cur_3
0,-1,35,39,base,cur_2,cur_3
0,-1,6,-1,base,cur_2,cur_3
0,19,41,-1,base,cur_2,cur_3
0,24,44,28,base,cur_2,cur_3
0,-1,-1,-1,base,cur_2,cur_3
0,-1,6,-1,base,cur_2,cur_3
0,-1,-1,9,base,cur_2,cur_3
0,48,-1,37,base,cur_2,cur_3
0,-1,-1,-1,base,cur_2,cur_3
0,4,-1,-1,base,cur_2,cur_3
0,19,32,16,base,cur_2,cur_3
0,13,-1,43,base,cur_2,cur_3
0,-1,28,-1,base,cur_2,cur_3
0,-1,-1,16,base,cur_2,cur_3
0,49,-1,25,base,cur_2,cur_3
0,29,-1,-1,base,cur_2,cur_3
0,13,-1,17,base,cur_2,cur_3
0,-1,40,-1,base,cur_2,cur_3
0,-1,-1,-1,base,cur_2,cur_3
0,12,8,30,base,cur_2,cur_3
0,40,1,-1,base,cur_2,cur_3
0,-1,32,-1,base,cur_2,cur_3
0,31,28,-1,base,cur_2,cur_3
0,40,-1,-1,base,cur_2,cur_3
0,-1,-1,38,base,cur_2,cur_3
0,-1,46,-1,base,cur_2,cur_3
0,-1,-1,-1,base,cur_2,cur_3
0,3,10,24,base,cur_2,cur_3
0,-1,40,-1,base,cur_2,cur_3
0,19,-1,-1,base,cur_2,cur_3
0,-1,13,-1,base,cur_2,cur_3
0,8,-1,0,base,cur_2,cur_3
0,12,45,24,base,cur_2,cur_3
0,-1,42,47,base,cur_2,cur_3
0,-1,-1,-1,base,cur_2,cur_3
0,-1,15,27,base,cur_2,cur_3
0,-1,49,-1,base,cur_2,cur_3
0,31,8,33,base,cur_2,cur_3
0,44,20,-1,base,cur_2,cur_3
0,11,32,-1,base,cur_2,cur_3
0,35,15,27,base,cur_2,cur_3
0,-1,15,-1,base,cur_2,cur_3
0,39,22,5,base,cur_2,cur_3
0,37,30,40,base,cur_2,cur_3
0,-1,17,-1,base,cur_2,cur_3
0,47,-1,31,base,cur_2,cur_3
0,-1,-1,-1,base,cur_2,cur_3
0,2,-1,20,base,cur_2,cur_3
0,-1,20,-1,base,cur_2,cur_3
0,-1,-1,37,base,cur_2,cur_3
0,28,-1,-1,base,cur_2,cur_3
0,-1,-1,44,base,cur_2,cur_3
0,-1,-1,15,base,cur_2,cur_3
0,36,46,-1,base,cur_2,cur_3
0,-1,-1,-1,base,cur_2,cur_3
0,-1,-1,1,base,cur_2,cur_3
0,-1,-1,2,base,cur_2,cur_3
0,36,27,-1,base,cur_2,cur_3
0,-1,-1,6,base,cur_2,cur_3
0,48,-1,-1,base,cur_2,cur_3
0,-1,4,-1,base,cur_2,cur_3
0,27,-1,-1,base,cur_2,cur_3
0,10,1,-1,base,cur_2,cur_3
0,4,-1,-1,base,cur_2,cur_3
0,22,2,-1,base,cur_2,cur_3
0,38,-1,26,base,cur_2,cur_3
0,49,25,-1,base,cur_2,cur_3
0,39,-1,-1,base,cur_2,cur_3
0,11,-1,-1,base,cur_2,cur_3
0,39,-1,18,base,cur_2,cur_3
0,38,44,25,base,cur_2,cur_3
0,48,-1,-1,base,cur_2,cur_3
0,33,-1,-1,base,cur_2,cur_3
0,11,-1,18,base,cur_2,cur_3
0,24,-1,9,base,cur_2,cur_3
0,-1,-1,-1,base,cur_2,cur_3
0,48,-1,2,base,cur_2,cur_3
0,-1,-1,-1,base,cur_2,cur_3
0,49,38,-1,base,cur_2,cur_3
0,-1,20,21,base,cur_2,cur_3
0,17,36,-1,base,cur_2,cur_3
0,0,-1,-1,base,cur_2,cur_3
0,-1,-1,-1,base,cur_2,cur_3
0,17,20,31,base,cur_2,cur_3
0,-1,-1,-1,base,cur_2,cur_3
0,19,49,-1,base,cur_2,cur_3
0,-1,36,45,base,cur_2,cur_3
0,14,-1,-1,base,cur_2,cur_3
0,-1,25,38,base,cur_2,cur_3
0,-1,-1,-1,base,cur_2,cur_3
0,47,-1,-1,base,cur_2,cur_3
0,-1,-1,24,base,cur_2,cur_3
0,-1,46,-1,base,cur_2,cur_3
0,23,-1,-1,base,cur_2,cur_3
0,24,-1,-1,base,cur_2,cur_3
0,15,-1,-1,base,cur_2,cur_3
0,-1,-1,-1,base,cur_2,cur_3
0,12,-1,-1,base,cur_2,cur_3
0,-1,40,-1,base,cur_2,cur_3
0,43,46,-1,base,cur_2,cur_3
0,24,22,8,base,cur_2,cur_3
0,13,-1,3,base,cur_2,cur_3
0,-1,-1,-1,base,cur_2,cur_3
0,-1,36,13,base,cur_2,cur_3
0,-1,-1,30,base,cur_2,cur_3
0,-1,13,1,base,cur_2,cur_3
0,-1,-1,31,base,cur_2,cur_3
0,-1,-1,-1,base,cur_2,cur_3
0,-1,-1,45,base,cur_2,cur_3
0,31,21,-1,base,cur_2,cur_3
0,-1,43,13,base,cur_2,cur_3
0,-1,29,7,base,cur_2,cur_3
0,30,42,25,base,cur_2,cur_3
0,8,17,20,base,cur_2,cur_3
0,9,-1,-1,base,cur_2,cur_3
0,-1,-1,1,base,cur_2,cur_3
0,36,28,-1,base,cur_2,cur_3
0,-1,0,-1,base,cur_2,cur_3
0,-1,26,30,base,cur_2,cur_3
0,-1,42,7,base,cur_2,cur_3
0,-1,-1,-1,base,cur_2,cur_3
0,47,-1,-1,base,cur_2,cur_3
0,-1,-1,-1,base,cur_2,cur_3
0,30,-1,44,base,cur_2,cur_3
0,-1,45,-1,base,cur_2,cur_3
0,33,-1,-1,base,cur_2,cur_3
0,4,40,-1,base,cur_2,cur_3
0,-1,38,-1,base,cur_2,cur_3
0,24,39,11,base,cur_2,cur_3
0,-1,-1,-1,base,cur_2,cur_3
0,-1,16,43,base,cur_2,cur_3
0,6,-1,-1,base,cur_2,cur_3
0,41,-1,33,base,cur_2,cur_3
0,-1,6,26,base,cur_2,cur_3
0,-1,5,-1,base,cur_2,cur_3
0,-1,46,4,base,cur_2,cur_3
0,-1,-1,39,base,cur_2,cur_3
0,40,-1,-1,base,cur_2,cur_3
0,-1,-1,-1,base,cur_2,cur_3
0,12,-1,-1,base,cur_2,cur_3
0,-1,24,14,base,cur_2,cur_3
0,-1,47,-1,base,cur_2,cur_3
0,-1,20,-1,base,cur_2,cur_3
0,41,-1,-1,base,cur_2,cur_3
0,25,-1,-1,base,cur_2,cur_3
0,-1,-1,-1,base,cur_2,cur_3
0,-1,10,27,base,cur_2,cur_3
0,17,48,25,base,cur_2,cur_3
0,23,-1,-1,base,cur_2,cur_3
0,46,1,27,base,cur_2,cur_3
0,9,-1,-1,base,cur_2,cur_3
0,-1,-1,21,base,cur_2,cur_3
0,18,41,8,base,cur_2,cur_3
0,12,-1,-1,base,cur_2,cur_3
0,15,-1,-1,base,cur_2,cur_3
0,44,-1,36,base,cur_2,cur_3
0,19,32,-1,base,cur_2,cur_3
0,45,-1,2,base,cur_2,cur_3
0,-1,19,41,base,cur_2,cur_3
0,-1,30,12,base,cur_2,cur_3
0,-1,-1,-1,base,cur_2,cur_3
0,-1,-1,34,base,cur_2,cur_3
0,44,-1,-1,base,cur_2,cur_3
0,-1,-1,-1,base,cur_2,cur_3
0,11,-1,41,base,cur_2,cur_3
0,-1,26,-1,base,cur_2,cur_3
0,39,37,-1,base,cur_2,cur_3
0,6,-1,25,base,cur_2,cur_3
0,46,-1,-1,base,cur_2,cur_3
0,-1,-1,16,base,cur_2,cur_3
0,-1,26,-1,base,cur_2,cur_3
0,-1,-1,-1,base,cur_2,cur_3
0,6,-1,-1,base,cur_2,cur_3
0,-1,39,-1,base,cur_2,cur_3
0,-1,-1,-1,base,cur_2,cur_3
0,34,-1,-1,base,cur_2,cur_3
0,-1,5,7,base,cur_2,cur_3
0,-1,30,29,base,cur_2,cur_3
0,19,19,26,base,cur_2,cur_3
0,11,30,7,base,cur_2,cur_3
0,41,37,-1,base,cur_2,cur_3
0,12,-1,21,base,cur_2,cur_3
0,-1,-1,-1,base,cur_2,cur_3
0,-1,-1,41,base,cur_2,cur_3
0,-1,16,29,base,cur_2,cur_3
0,32,-1,0,base,cur_2,cur_3
0,20,-1,-1,base,cur_2,cur_3
0,-1,-1,-1,base,cur_2,cur_3
0,-1,17,-1,base,cur_2,cur_3
0,-1,32,-1,base,cur_2,cur_3
0,41,-1,0,base,cur_2,cur_3
0,12,42,-1,base,cur_2,cur_3
0,18,-1,-1,base,cur_2,cur_3
0,7,17,-1,base,cur_2,cur_3
0,8,3,4,base,cur_2,cur_3
0,42,38,-1,base,cur_2,cur_3
0,49,-1,-1,base,cur_2,cur_3
0,32,-1,21,base,cur_2,cur_3
0,3,-1,7,base,cur_2,cur_3
0,0,-1,-1,base,cur_2,cur_3
0,-1,-1,17,base,cur_2,cur_3
0,23,18,-1,base,cur_2,cur_3
0,-1,4,-1,base,cur_2,cur_3
0,-1,42,19,base,cur_2,cur_3
0,-1,-1,-1,base,cur_2,cur_3
0,0,-1,12,base,cur_2,cur_3
0,33,-1,-1,base,cur_2,cur_3
0,17,7,45,base,cur_2,cur_3
0,10,-1,46,base,cur_2,cur_3
0,45,-1,-1,base,cur_2,cur_3
0,45,10,-1,base,cur_2,cur_3
0,34,14,9,base,cur_2,cur_3
0,49,23,32,base,cur_2,cur_3
0,35,-1,-1,base,cur_2,cur_3
0,15,-1,-1,base,cur_2,cur_3
0,8,-1,-1,base,cur_2,cur_3
0,-1,-1,21,base,cur_2,cur_3
0,44,-1,49,base,cur_2,cur_3
0,-1,49,44,base,cur_2,cur_3
0,-1,14,-1,base,cur_2,cur_3
0,11,-1,-1,base,cur_2,cur_3
0,9,-1,-1,base,cur_2,cur_3
0,30,49,-1,base,cur_2,cur_3
0,39,1,-1,base,cur_2,cur_3
0,8,13,-1,base,cur_2,cur_3
0,-1,-1,39,base,cur_2,cur_3
0,1,-1,-1,base,cur_2,cur_3
0,-1,28,47,base,cur_2,cur_3
0,45,10,27,base,cur_2,cur_3
0,20,-1,7,base,cur_2,cur_3
0,46,-1,-1,base,cur_2,cur_3
0,-1,28,19,base,cur_2,cur_3
0,-1,0,-1,base,cur_2,cur_3
0,-1,21,-1,base,cur_2,cur_3
0,6,-1,-1,base,cur_2,cur_3
0,-1,48,45,base,cur_2,cur_3
0,-1,-1,-1,base,cur_2,cur_3
0,4,48,-1,base,cur_2,cur_3
0,34,35,-1,base,cur_2,cur_3
0,39,6,-1,base,cur_2,cur_3
0,-1,48,5,base,cur_2,cur_3
0,-1,-1,-1,base,cur_2,cur_3
0,9,-1,-1,base,cur_2,cur_3
0,12,0,-1,base,cur_2,cur_3
0,-1,-1,22,base,cur_2,cur_3
0,-1,8,-1,base,cur_2,cur_3
0,-1,11,34,base,cur_2,cur_3
0,-1,10,-1,base,cur_2,cur_3
0,-1,-1,-1,base,cur_2,cur_3
0,31,25,-1,base,cur_2,cur_3
0,32,27,-1,base,cur_2,cur_3
0,20,-1,45,base,cur_2,cur_3
0,-1,47,-1,base,cur_2,cur_3
0,2,40,34,base,cur_2,cur_3
0,-1,-1,-1,base,cur_2,cur_3
0,30,-1,-1,base,cur_2,cur_3
0,11,8,-1,base,cur_2,cur_3
0,-1,40,43,base,cur_2,cur_3
0,-1,-1,-1,base,cur_2,cur_3
0,-1,29,-1,base,cur_2,cur_3
0,44,-1,27,base,cur_2,cur_3
0,-1,-1,6,base,cur_2,cur_3
0,-1,21,16,base,cur_2,cur_3
0,-1,13,-1,base,cur_2,cur_3
0,35,-1,25,base,cur_2,cur_3
0,-1,-1,15,base,cur_2,cur_3
0,34,15,-1,base,cur_2,cur_3
0,21,-1,-1,base,cur_2,cur_3
0,20,40,11,base,cur_2,cur_3
0,37,-1,0,base,cur_2,cur_3
0,-1,-1,-1,base,cur_2,cur_3
0,-1,-1,12,base,cur_2,cur_3
0,30,-1,-1,base,cur_2,cur_3
0,-1,26,41,base,cur_2,cur_3
0,-1,16,-1,base,cur_2,cur_3
0,32,20,38,base,cur_2,cur_3
0,32,48,-1,base,cur_2,cur_3
0,6,37,-1,base,cur_2,cur_3
0,13,15,8,base,cur_2,cur_3
0,23,12,-1,base,cur_2,cur_3
0,22,0,-1,base,cur_2,cur_3
0,29,33,-1,base,cur_2,cur_3
0,39,46,-1,base,cur_2,cur_3
0,-1,-1,44,base,cur_2,cur_3
0,34,-1,-1,base,cur_2,cur_3
0,-1,-1,36,base,cur_2,cur_3
0,-1,30,-1,base,cur_2,cur_3
0,15,-1,37,base,cur_2,cur_3
0,4,-1,-1,base,cur_2,cur_3
0,-1,-1,0,base,cur_2,cur_3
0,37,-1,-1,base,cur_2,cur_3
0,15,-1,-1,base,cur_2,cur_3
0,-1,-1,15,base,cur_2,cur_3
0,-1,24,-1,base,cur_2,cur_3
0,24,7,29,base,cur_2,cur_3
0,2,-1,-1,base,cur_2,cur_3
0,17,39,12,base,cur_2,cur_3
0,-1,12,-1,base,cur_2,cur_3
0,-1,40,17,base,cur_2,cur_3
0,13,7,9,base,cur_2,cur_3
0,6,6,-1,base,cur_2,cur_3
0,46,-1,-1,base,cur_2,cur_3
0,0,32,22,base,cur_2,cur_3
0,-1,-1,43,base,cur_2,cur_3
0,6,-1,-1,base,cur_2,cur_3
0,45,-1,37,base,cur_2,cur_3
0,-1,0,19,base,cur_2,cur_3
0,-1,13,1,base,cur_2,cur_3
0,42,-1,32,base,cur_2,cur_3
0,-1,-1,-1,base,cur_2,cur_3
0,11,32,24,base,cur_2,cur_3
0,-1,2,31,base,cur_2,cur_3
0,-1,-1,18,base,cur_2,cur_3
0,-1,-1,31,base,cur_2,cur_3
0,11,45,-1,base,cur_2,cur_3
0,-1,17,27,base,cur_2,cur_3
0,-1,-1,-1,base,cur_2,cur_3
0,-1,47,-1,base,cur_2,cur_3
0,-1,47,-1,base,cur_2,cur_3
0,-1,7,-1,base,cur_2,cur_3
0,-1,-1,13,base,cur_2,cur_3
0,1,-1,-1,base,cur_2,cur_3
0,14,13,8,base,cur_2,cur_3
0,24,-1,-1,base,cur_2,cur_3
0,12,-1,15,base,cur_2,cur_3
0,-1,-1,35,base,cur_2,cur_3
0,-1,11,34,base,cur_2,cur_3
0,-1,7,-1,base,cur_2,cur_3
0,-1,-1,-1,base,cur_2,cur_3
0,-1,46,8,base,cur_2,cur_3
0,-1,-1,-1,base,cur_2,cur_3
0,-1,3,13,base,cur_2,cur_3
0,38,21,-1,base,cur_2,cur_3
0,-1,-1,-1,base,cur_2,cur_3
0,10,18,8,base,cur_2,cur_3
0,20,45,-1,base,cur_2,cur_3
0,-1,27,27,base,cur_2,cur_3
0,15,-1,-1,base,cur_2,cur_3
0,-1,-1,30,base,cur_2,cur_3
0,23,37,-1,base,cur_2,cur_3
0,-1,-1,47,base,cur_2,cur_3
0,-1,2,39,base,cur_2,cur_3
0,-1,-1,18,base,cur_2,cur_3
0,-1,40,13,base,cur_2,cur_3
0,0,-1,-1,base,cur_2,cur_3
0,20,11,-1,base,cur_2,cur_3
0,0,21,3,base,cur_2,cur_3
0,-1,-1,29,base,cur_2,cur_3
0,-1,30,48,base,cur_2,cur_3
0,-1,13,-1,base,cur_2,cur_3
0,-1,35,2,base,cur_2,cur_3
0,13,48,34,base,cur_2,cur_3
0,4,-1,2,base,cur_2,cur_3
0,-1,-1,27,base,cur_2,cur_3
0,10,-1,18,base,cur_2,cur_3
0,-1,1,-1,base,cur_2,cur_3
0,-1,35,-1,base,cur_2,cur_3
0,-1,33,-1,base,cur_2,cur_3
0,-1,-1,9,base,cur_2,cur_3
0,-1,-1,-1,base,cur_2,cur_3
0,-1,8,-1,base,cur_2,cur_3
0,-1,-1,6,base,cur_2,cur_3
0,40,8,32,base,cur_2,cur_3
0,-1,-1,18,base,cur_2,cur_3
0,-1,-1,25,base,cur_2,cur_3
0,-1,26,-1,base,cur_2,cur_3
0,47,46,-1,base,cur_2,cur_3
0,-1,38,-1,base,cur_2,cur_3
0,-1,-1,37,base,cur_2,cur_3
0,-1,-1,8,base,cur_2,cur_3
0,-1,30,-1,base,cur_2,cur_3
0,-1,-1,-1,base,cur_2,cur_3
0,-1,31,48,base,cur_2,cur_3
0,-1,37,-1,base,cur_2,cur_3
0,-1,-1,-1,base,cur_2,cur_3
0,39,6,47,base,cur_2,cur_3
0,-1,49,5,base,cur_2,cur_3
0,-1,-1,-1,base,cur_2,cur_3
0,-1,-1,-1,base,cur_2,cur_3
0,-1,25,-1,base,cur_2,cur_3
0,36,-1,39,base,cur_2,cur_3
0,-1,-1,21,base,cur_2,cur_3
0,-1,-1,-1,base,cur_2,cur_3
0,8,-1,18,base,cur_2,cur_3
0,32,14,13,base,cur_2,cur_3
0,-1,6,48,base,cur_2,cur_3
0,-1,30,-1,base,cur_2,cur_3
0,43,22,24,base,cur_2,cur_3
0,4,22,-1,base,cur_2,cur_3
0,-1,-1,-1,base,cur_2,cur_3
0,29,-1,-1,base,cur_2,cur_3
0,-1,27,-1,base,cur_2,cur_3
0,36,34,27,base,cur_2,cur_3
0,44,-1,-1,base,cur_2,cur_3
0,-1,35,-1,base,cur_2,cur_3
0,25,33,27,base,cur_2,cur_3
0,-1,-1,-1,base,cur_2,cur_3
0,-1,-1,4,base,cur_2,cur_3
0,31,-1,-1,base,cur_2,cur_3
0,-1,-1,33,base,cur_2,cur_3
0,-1,-1,36,base,cur_2,cur_3
0,6,-1,-1,base,cur_2,cur_3
0,35,-1,-1,base,cur_2,cur_3
0,-1,30,37,base,cur_2,cur_3
0,-1,-1,42,base,cur_2,cur_3
0,28,-1,15,base,cur_2,cur_3
0,-1,8,2,base,cur_2,cur_3
0,-1,38,-1,base,cur_2,cur_3
0,33,5,-1,base,cur_2,cur_3
0,-1,-1,-1,base,cur_2,cur_3
0,-1,-1,16,base,cur_2,cur_3
0,7,-1,-1,base,cur_2,cur_3
0,-1,-1,-1,base,cur_2,cur_3
0,-1,22,-1,base,cur_2,cur_3
0,-1,-1,-1,base,cur_2,cur_3
0,4,7,-1,base,cur_2,cur_3
0,7,-1,35,base,cur_2,cur_3
0,-1,-1,12,base,cur_2,cur_3
0,5,-1,-1,base,cur_2,cur_3
0,1,23,-1,base,cur_2,cur_3
0,18,10,23,base,cur_2,cur_3
0,-1,-1,-1,base,cur_2,cur_3
0,-1,26,-1,base,cur_2,cur_3
0,28,-1,24,base,cur_2,cur_3
0,-1,45,-1,base,cur_2,cur_3
0,-1,6,-1,base,cur_2,cur_3
0,10,28,-1,base,cur_2,cur_3
0,-1,31,-1,base,cur_2,cur_3
0,-1,46,28,base,cur_2,cur_3
0,-1,-1,-1,base,cur_2,cur_3
0,-1,-1,36,base,cur_2,cur_3
0,36,-1,29,base,cur_2,cur_3
0,4,-1,-1,base,cur_2,cur_3
0,2,25,47,base,cur_2,cur_3
0,40,31,20,base,cur_2,cur_3
0,47,45,46,base,cur_2,cur_3
0,12,-1,-1,base,cur_2,cur_3
0,-1,-1,-1,base,cur_2,cur_3
0,-1,-1,37,base,cur_2,cur_3
0,45,39,-1,base,cur_2,cur_3
0,20,48,33,base,cur_2,cur_3
0,47,-1,-1,base,cur_2,cur_3
0,-1,20,-1,base,cur_2,cur_3
0,-1,-1,42,base,cur_2,cur_3
0,6,32,-1,base,cur_2,cur_3
0,-1,42,-1,base,cur_2,cur_3
0,-1,22,-1,base,cur_2,cur_3
0,-1,-1,-1,base,cur_2,cur_3
0,-1,10,20,base,cur_2,cur_3
0,-1,38,-1,base,cur_2,cur_3
0,13,-1,-1,base,cur_2,cur_3
0,42,34,-1,base,cur_2,cur_3
0,-1,-1,-1,base,cur_2,cur_3
0,20,11,23,base,cur_2,cur_3
0,14,8,17,base,cur_2,cur_3
0,32,-1,42,base,cur_2,cur_3
0,-1,48,-1,base,cur_2,cur_3
0,12,14,46,base,cur_2,cur_3
0,1,-1,-1,base,cur_2,cur_3
0,-1,12,40,base,cur_2,cur_3
0,-1,-1,7,base,cur_2,cur_3
0,-1,33,24,base,cur_2,cur_3
0,12,-1,-1,base,cur_2,cur_3
0,30,37,21,base,cur_2,cur_3
0,11,-1,-1,base,cur_2,cur_3
0,40,44,37,base,cur_2,cur_3
0,27,-1,22,base,cur_2,cur_3
0,11,40,7,base,cur_2,cur_3
0,43,-1,15,base,cur_2,cur_3
0,-1,11,4,base,cur_2,cur_3
0,-1,-1,19,base,cur_2,cur_3
0,-1,-1,32,base,cur_2,cur_3
0,-1,-1,42,base,cur_2,cur_3
0,35,-1,-1,base,cur_2,cur_3
0,47,-1,-1,base,cur_2,cur_3
0,9,0,-1,base,cur_2,cur_3
0,-1,8,-1,base,cur_2,cur_3
0,-1,44,-1,base,cur_2,cur_3
0,9,-1,-1,base,cur_2,cur_3
0,-1,25,19,base,cur_2,cur_3
0,34,30,21,base,cur_2,cur_3
0,43,-1,13,base,cur_2,cur_3
0,19,11,-1,base,cur_2,cur_3
0,-1,-1,14,base,cur_2,cur_3
0,22,-1,16,base,cur_2,cur_3
0,0,42,1,base,cur_2,cur_3
0,34,10,-1,base,cur_2,cur_3
0,16,36,-1,base,cur_2,cur_3
0,17,-1,5,base,cur_2,cur_3
0,-1,-1,11,base,cur_2,cur_3
0,10,0,-1,base,cur_2,cur_3
0,-1,39,-1,base,cur_2,cur_3
0,44,31,-1,base,cur_2,cur_3
0,-1,-1,-1,base,cur_2,cur_3
0,-1,-1,43,base,cur_2,cur_3
0,-1,18,-1,base,cur_2,cur_3
0,14,-1,17,base,cur_2,cur_3
0,-1,38,1,base,cur_2,cur_3
0,25,40,2,base,cur_2,cur_3
0,-1,-1,14,base,cur_2,cur_3
0,-1,39,25,base,cur_2,cur_3
0,-1,-1,-1,base,cur_2,cur_3
0,20,35,38,base,cur_2,cur_3
0,12,-1,-1,base,cur_2,cur_3
0,-1,25,36,base,cur_2,cur_3
0,14,41,25,base,cur_2,cur_3
0,36,47,-1,base,cur_2,cur_3
0,-1,3,-1,base,cur_2,cur_3
0,20,-1,-1,base,cur_2,cur_3
0,-1,-1,-1,base,cur_2,cur_3
0,-1,20,-1,base,cur_2,cur_3
0,-1,21,-1,base,cur_2,cur_3
0,39,13,-1,base,cur_2,cur_3
0,13,-1,-1,base,cur_2,cur_3
0,-1,-1,31,base,cur_2,cur_3
0,31,-1,-1,base,cur_2,cur_3
0,-1,8,11,base,cur_2,cur_3
0,-1,-1,16,base,cur_2,cur_3
0,42,-1,-1,base,cur_2,cur_3
0,17,46,44,base,cur_2,cur_3
0,38,20,15,base,cur_2,cur_3
0,-1,42,33,base,cur_2,cur_3
0,14,-1,-1,base,cur_2,cur_3
0,7,4,-1,base,cur_2,cur_3
0,22,46,-1,base,cur_2,cur_3
0,24,-1,-1,base,cur_2,cur_3
0,31,20,-1,base,cur_2,cur_3
0,-1,8,33,base,cur_2,cur_3
0,-1,-1,-1,base,cur_2,cur_3
0,24,45,-1,base,cur_2,cur_3
0,-1,23,-1,base,cur_2,cur_3
0,-1,39,-1,base,cur_2,cur_3
0,-1,-1,-1,base,cur_2,cur_3
0,23,41,-1,base,cur_2,cur_3
0,-1,7,-1,base,cur_2,cur_3
0,34,-1,-1,base,cur_2,cur_3
0,26,-1,-1,base,cur_2,cur_3
0,2,-1,35,base,cur_2,cur_3
0,29,0,-1,base,cur_2,cur_3
0,-1,20,-1,base,cur_2,cur_3
0,-1,-1,1,base,cur_2,cur_3
0,-1,-1,19,base,cur_2,cur_3
0,13,28,38,base,cur_2,cur_3
0,37,13,-1,base,cur_2,cur_3
0,-1,-1,40,base,cur_2,cur_3
0,-1,11,18,base,cur_2,cur_3
0,45,-1,36,base,cur_2,cur_3
0,-1,38,28,base,cur_2,cur_3
0,-1,-1,35,base,cur_2,cur_3
0,-1,29,43,base,cur_2,cur_3
0,-1,15,-1,base,cur_2,cur_3
0,14,-1,-1,base,cur_2,cur_3
0,11,15,-1,base,cur_2,cur_3
0,-1,13,-1,base,cur_2,cur_3
0,14,15,-1,base,cur_2,cur_3
0,-1,16,30,base,cur_2,cur_3
0,15,-1,39,base,cur_2,cur_3
0,35,-1,-1,base,cur_2,cur_3
0,-1,37,39,base,cur_2,cur_3
0,-1,-1,16,base,cur_2,cur_3
0,46,-1,-1,base,cur_2,cur_3
0,-1,27,41,base,cur_2,cur_3
0,27,5,43,base,cur_2,cur_3
0,-1,-1,-1,base,cur_2,cur_3
0,-1,-1,-1,base,cur_2,cur_3
0,-1,48,-1,base,cur_2,cur_3
0,-1,18,-1,base,cur_2,cur_3
0,25,24,40,base,cur_2,cur_3
0,37,-1,20,base,cur_2,cur_3
0,10,34,-1,base,cur_2,cur_3
0,-1,8,35,base,cur_2,cur_3
0,-1,-1,-1,base,cur_2,cur_3
0,-1,-1,22,base,cur_2,cur_3
0,12,-1,-1,base,cur_2,cur_3
0,43,-1,-1,base,cur_2,cur_3
0,32,29,-1,base,cur_2,cur_3
0,14,-1,17,base,cur_2,cur_3
0,-1,-1,9,base,cur_2,cur_3
0,29,-1,7,base,cur_2,cur_3
0,46,-1,10,base,cur_2,cur_3
0,-1,28,-1,base,cur_2,cur_3
0,21,-1,-1,base,cur_2,cur_3
0,8,-1,-1,base,cur_2,cur_3
0,37,-1,-1,base,cur_2,cur_3
0,11,37,16,base,cur_2,cur_3
0,18,-1,47,base,cur_2,cur_3
0,-1,-1,-1,base,cur_2,cur_3
0,2,-1,-1,base,cur_2,cur_3
0,-1,13,-1,base,cur_2,cur_3
0,13,-1,-1,base,cur_2,cur_3
0,-1,-1,37,base,cur_2,cur_3
0,10,-1,-1,base,cur_2,cur_3
0,-1,-1,-1,base,cur_2,cur_3
0,-1,45,36,base,cur_2,cur_3
0,32,11,26,base,cur_2,cur_3
0,-1,39,-1,base,cur_2,cur_3
0,-1,18,-1,base,cur_2,cur_3
0,43,9,29,base,cur_2,cur_3
0,2,-1,-1,base,cur_2,cur_3
0,19,-1,45,base,cur_2,cur_3
0,-1,-1,-1,base,cur_2,cur_3
0,-1,-1,-1,base,cur_2,cur_3
0,36,2,7,base,cur_2,cur_3
0,-1,-1,-1,base,cur_2,cur_3
0,22,-1,30,base,cur_2,cur_3
0,-1,-1,-1,base,cur_2,cur_3
0,-1,-1,45,base,cur_2,cur_3
0,9,42,-1,base,cur_2,cur_3
0,8,42,49,base,cur_2,cur_3
0,48,31,30,base,cur_2,cur_3
0,-1,-1,-1,base,cur_2,cur_3
0,31,42,-1,base,cur_2,cur_3
0,20,5,-1,base,cur_2,cur_3
0,29,-1,-1,base,cur_2,cur_3
0,35,-1,18,base,cur_2,cur_3
0,-1,-1,25,base,cur_2,cur_3
0,41,24,1,base,cur_2,cur_3
0,-1,31,42,base,cur_2,cur_3
0,6,16,-1,base,cur_2,cur_3
0,12,-1,-1,base,cur_2,cur_3
0,1,1,-1,base,cur_2,cur_3
0,29,-1,-1,base,cur_2,cur_3
0,46,11,-1,base,cur_2,cur_3
0,43,16,9,base,cur_2,cur_3
0,-1,-1,3,base,cur_2,cur_3
0,-1,-1,-1,base,cur_2,cur_3
0,9,11,47,base,cur_2,cur_3
0,-1,-1,32,base,cur_2,cur_3
0,-1,-1,-1,base,cur_2,cur_3
0,8,-1,-1,base,cur_2,cur_3
0,24,2,35,base,cur_2,cur_3
0,-1,44,-1,base,cur_2,cur_3
0,-1,15,13,base,cur_2,cur_3
0,-1,18,-1,base,cur_2,cur_3
0,-1,-1,8,base,cur_2,cur_3
0,7,-1,-1,base,cur_2,cur_3
0,42,4,-1,base,cur_2,cur_3
0,-1,16,-1,base,cur_2,cur_3
0,31,24,18,base,cur_2,cur_3
0,-1,-1,-1,base,cur_2,cur_3
0,-1,-1,-1,base,cur_2,cur_3
0,43,32,-1,base,cur_2,cur_3
0,9,28,47,base,cur_2,cur_3
0,3,-1,38,base,cur_2,cur_3
0,28,21,8,base,cur_2,cur_3
0,35,-1,30,base,cur_2,cur_3
0,-1,10,-1,base,cur_2,cur_3
0,-1,24,-1,base,cur_2,cur_3
0,-1,40,2,base,cur_2,cur_3
0,-1,-1,38,base,cur_2,cur_3
0,-1,-1,-1,base,cur_2,cur_3
0,0,-1,-1,base,cur_2,cur_3
0,45,21,11,base,cur_2,cur_3
0,27,23,38,base,cur_2,cur_3
0,48,33,43,base,cur_2,cur_3
0,-1,-1,-1,base,cur_2,cur_3
0,25,10,-1,base,cur_2,cur_3
0,-1,-1,-1,base,cur_2,cur_3
0,-1,-1,-1,base,cur_2,cur_3
0,-1,35,25,base,cur_2,cur_3
0,15,-1,-1,base,cur_2,cur_3
0,-1,29,43,base,cur_2,cur_3
0,49,-1,29,base,cur_2,cur_3
0,8,-1,-1,base,cur_2,cur_3
0,12,43,14,base,cur_2,cur_3
0,12,26,-1,base,cur_2,cur_3
0,-1,-1,29,base,cur_2,cur_3
0,41,29,18,base,cur_2,cur_3
0,-1,-1,1,base,cur_2,cur_3
0,-1,18,36,base,cur_2,cur_3
0,34,-1,-1,base,cur_2,cur_3
0,-1,-1,20,base,cur_2,cur_3
0,0,-1,-1,base,cur_2,cur_3
0,-1,-1,-1,base,cur_2,cur_3
0,32,3,-1,base,cur_2,cur_3
0,-1,-1,27,base,cur_2,cur_3
0,-1,48,27,base,cur_2,cur_3
0,-1,-1,36,base,cur_2,cur_3
0,-1,21,-1,base,cur_2,cur_3
0,6,-1,20,base,cur_2,cur_3
0,-1,-1,29,base,cur_2,cur_3
0,23,24,-1,base,cur_2,cur_3
0,12,40,-1,base,cur_2,cur_3
0,-1,40,35,base,cur_2,cur_3
0,-1,-1,35,base,cur_2,cur_3
0,-1,-1,-1,base,cur_2,cur_3
0,-1,-1,-1,base,cur_2,cur_3
0,12,9,-1,base,cur_2,cur_3
0,-1,-1,43,base,cur_2,cur_3
0,-1,34,-1,base,cur_2,cur_3
0,-1,-1,42,base,cur_2,cur_3
0,-1,19,29,base,cur_2,cur_3
0,-1,45,24,base,cur_2,cur_3
0,-1,-1,47,base,cur_2,cur_3
0,22,-1,-1,base,cur_2,cur_3
0,-1,-1,-1,base,cur_2,cur_3
0,-1,-1,48,base,cur_2,cur_3
0,32,-1,3,base,cur_2,cur_3
0,-1,24,-1,base,cur_2,cur_3
0,-1,-1,21,base,cur_2,cur_3
0,-1,-1,19,base,cur_2,cur_3
0,30,28,9,base,cur_2,cur_3
0,34,-1,-1,base,cur_2,cur_3
0,-1,1,-1,base,cur_2,cur_3
0,-1,-1,32,base,cur_2,cur_3
0,40,-1,49,base,cur_2,cur_3
0,-1,-1,22,base,cur_2,cur_3
0,-1,27,31,base,cur_2,cur_3
0,31,-1,33,base,cur_2,cur_3
0,13,49,-1,base,cur_2,cur_3
0,-1,48,-1,base,cur_2,cur_3
0,-1,-1,43,base,cur_2,cur_3
0,-1,-1,28,base,cur_2,cur_3
0,-1,0,-1,base,cur_2,cur_3
0,-1,-1,22,base,cur_2,cur_3
0,37,4,5,base,cur_2,cur_3
0,31,42,-1,base,cur_2,cur_3
0,-1,38,18,base,cur_2,cur_3
0,7,-1,-1,base,cur_2,cur_3
0,-1,40,48,base,cur_2,cur_3
0,-1,-1,16,base,cur_2,cur_3
0,10,16,-1,base,cur_2,cur_3
0,35,-1,-1,base,cur_2,cur_3
0,37,-1,30,base,cur_2,cur_3
0,23,-1,-1,base,cur_2,cur_3
0,-1,12,40,base,cur_2,cur_3
0,-1,-1,-1,base,cur_2,cur_3
0,-1,-1,48,base,cur_2,cur_3
0,-1,-1,3,base,cur_2,cur_3
0,-1,-1,-1,base,cur_2,cur_3
0,-1,10,-1,base,cur_2,cur_3
0,-1,49,-1,base,cur_2,cur_3
0,4,-1,24,base,cur_2,cur_3
0,8,-1,-1,base,cur_2,cur_3
0,-1,12,-1,base,cur_2,cur_3
0,-1,-1,44,base,cur_2,cur_3
0,10,6,-1,base,cur_2,cur_3
0,-1,-1,-1,base,cur_2,cur_3
0,-1,30,-1,base,cur_2,cur_3
0,-1,-1,-1,base,cur_2,cur_3
0,17,6,-1,base,cur_2,cur_3
0,-1,36,35,base,cur_2,cur_3
0,28,24,-1,base,cur_2,cur_3
0,27,48,17,base,cur_2,cur_3
0,9,34,35,base,cur_2,cur_3
0,1,-1,0,base,cur_2,cur_3
0,-1,-1,-1,base,cur_2,cur_3
0,-1,-1,-1,base,cur_2,cur_3
0,-1,-1,-1,base,cur_2,cur_3
0,-1,37,14,base,cur_2,cur_3
0,-1,5,-1,base,cur_2,cur_3
0,-1,8,-1,base,cur_2,cur_3
0,31,-1,-1,base,cur_2,cur_3
0,8,10,26,base,cur_2,cur_3
0,0,-1,-1,base,cur_2,cur_3
0,-1,-1,-1,base,cur_2,cur_3
0,4,6,-1,base,cur_2,cur_3
0,-1,25,26,base,cur_2,cur_3
0,42,30,-1,base,cur_2,cur_3
0,28,-1,-1,base,cur_2,cur_3
0,19,32,-1,base,cur_2,cur_3
0,31,22,-1,base,cur_2,cur_3
0,40,32,42,base,cur_2,cur_3
0,-1,13,-1,base,cur_2,cur_3
0,16,-1,7,base,cur_2,cur_3
0,-1,41,6,base,cur_2,cur_3
0,37,48,26,base,cur_2,cur_3
0,4,-1,10,base,cur_2,cur_3
0,-1,12,-1,base,cur_2,cur_3
0,38,4,4,base,cur_2,cur_3
0,-1,-1,30,base,cur_2,cur_3
0,-1,20,-1,base,cur_2,cur_3
0,-1,7,-1,base,cur_2,cur_3
0,-1,29,32,base,cur_2,cur_3
0,-1,-1,45,base,cur_2,cur_3
0,-1,35,10,base,cur_2,cur_3
0,11,-1,-1,base,cur_2,cur_3
0,-1,48,40,base,cur_2,cur_3
0,49,12,-1,base,cur_2,cur_3
0,35,9,43,base,cur_2,cur_3
0,-1,-1,-1,base,cur_2,cur_3
0,29,-1,-1,base,cur_2,cur_3
0,37,-1,13,base,cur_2,cur_3
0,32,7,-1,base,cur_2,cur_3
0,32,-1,-1,base,cur_2,cur_3
0,-1,-1,9,base,cur_2,cur_3
0,19,-1,-1,base,cur_2,cur_3
0,35,30,15,base,cur_2,cur_3
0,10,30,36,base,cur_2,cur_3
0,-1,46,11,base,cur_2,cur_3
0,46,42,-1,base,cur_2,cur_3
0,-1,42,-1,base,cur_2,cur_3
0,28,-1,-1,base,cur_2,cur_3
0,45,-1,-1,base,cur_2,cur_3
0,40,31,8,base,cur_2,cur_3
0,7,-1,32,base,cur_2,cur_3
0,0,11,33,base,cur_2,cur_3
0,-1,-1,5,base,cur_2,cur_3
0,-1,-1,-1,base,cur_2,cur_3
0,-1,6,-1,base,cur_2,cur_3
0,7,-1,16,base,cur_2,cur_3
0,26,46,-1,base,cur_2,cur_3
0,30,30,-1,base,cur_2,cur_3
0,48,16,17,base,cur_2,cur_3
0,-1,22,9,base,cur_2,cur_3
0,35,17,45,base,cur_2,cur_3
0,4,-1,9,base,cur_2,cur_3
0,10,5,-1,base,cur_2,cur_3
0,6,24,-1,base,cur_2,cur_3
0,-1,41,9,base,cur_2,cur_3
0,21,-1,43,base,cur_2,cur_3
0,19,23,-1,base,cur_2,cur_3
0,-1,-1,28,base,cur_2,cur_3
0,-1,-1,49,base,cur_2,cur_3
0,-1,-1,-1,base,cur_2,cur_3
0,-1,-1,41,base,cur_2,cur_3
0,21,23,3,base,cur_2,cur_3
0,12,-1,29,base,cur_2,cur_3
0,-1,23,-1,base,cur_2,cur_3
0,38,22,43,base,cur_2,cur_3
0,-1,-1,-1,base,cur_2,cur_3
0,-1,-1,-1,base,cur_2,cur_3
0,-1,-1,-1,base,cur_2,cur_3
0,49,-1,16,base,cur_2,cur_3
0,-1,11,40,base,cur_2,cur_3
0,-1,28,-1,base,cur_2,cur_3
0,-1,-1,-1,base,cur_2,cur_3
0,5,23,38,base,cur_2,cur_3
0,34,-1,47,base,cur_2,cur_3
0,38,16,-1,base,cur_2,cur_3
0,-1,-1,-1,base,cur_2,cur_3
0,36,-1,46,base,cur_2,cur_3
0,22,-1,32,base,cur_2,cur_3
0,38,-1,-1,base,cur_2,cur_3
0,-1,-1,27,base,cur_2,cur_3
0,-1,-1,5,base,cur_2,cur_3
0,-1,-1,-1,base,cur_2,cur_3
0,46,-1,17,base,cur_2,cur_3
0,6,41,19,base,cur_2,cur_3
0,6,45,-1,base,cur_2,cur_3
0,-1,2,-1,base,cur_2,cur_3
0,-1,17,-1,base,cur_2,cur_3
0,-1,-1,30,base,cur_2,cur_3
0,31,-1,-1,base,cur_2,cur_3
0,3,-1,-1,base,cur_2,cur_3
0,-1,23,-1,base,cur_2,cur_3
0,-1,18,-1,base,cur_2,cur_3
0,-1,30,-1,base,cur_2,cur_3
0,-1,-1,40,base,cur_2,cur_3
0,-1,45,18,base,cur_2,cur_3
0,-1,-1,12,base,cur_2,cur_3
0,46,28,-1,base,cur_2,cur_3
0,-1,-1,-1,base,cur_2,cur_3
0,6,22,-1,base,cur_2,cur_3
0,-1,27,-1,base,cur_2,cur_3
0,-1,27,43,base,cur_2,cur_3
0,-1,14,35,base,cur_2,cur_3
0,42,39,-1,base,cur_2,cur_3
0,-1,24,-1,base,cur_2,cur_3
0,43,-1,-1,base,cur_2,cur_3
0,39,25,41,base,cur_2,cur_3
0,-1,11,-1,base,cur_2,cur_3
0,-1,33,25,base,cur_2,cur_3
0,-1,5,-1,base,cur_2,cur_3
0,-1,-1,-1,base,cur_2,cur_3
0,-1,-1,-1,base,cur_2,cur_3
0,8,28,49,base,cur_2,cur_3
0,-1,13,-1,base,cur_2,cur_3
0,-1,31,-1,base,cur_2,cur_3
0,16,39,1,base,cur_2,cur_3
0,-1,-1,2,base,cur_2,cur_3
0,-1,-1,5,base,cur_2,cur_3
0,-1,-1,-1,base,cur_2,cur_3
0,-1,-1,5,base,cur_2,cur_3
0,-1,-1,8,base,cur_2,cur_3
0,-1,-1,-1,base,cur_2,cur_3
0,47,48,2,base,cur_2,cur_3
0,0,-1,21,base,cur_2,cur_3
0,-1,42,7,base,cur_2,cur_3
0,-1,-1,-1,base,cur_2,cur_3
0,-1,-1,21,base,cur_2,cur_3
0,23,-1,24,base,cur_2,cur_3
0,44,39,-1,base,cur_2,cur_3
0,27,-1,49,base,cur_2,cur_3
0,-1,-1,38,base,cur_2,cur_3
0,9,8,33,base,cur_2,cur_3
0,-1,39,-1,base,cur_2,cur_3
0,6,-1,-1,base,cur_2,cur_3
0,28,30,-1,base,cur_2,cur_3
0,47,21,-1,base,cur_2,cur_3
0,13,-1,-1,base,cur_2,cur_3
0,20,-1,-1,base,cur_2,cur_3
0,9,38,19,base,cur_2,cur_3
0,28,-1,-1,base,cur_2,cur_3
0,15,8,49,base,cur_2,cur_3
0,14,42,-1,base,cur_2,cur_3
0,29,43,-1,base,cur_2,cur_3
0,10,15,-1,base,cur_2,cur_3
0,-1,-1,-1,base,cur_2,cur_3
0,-1,28,-1,base,cur_2,cur_3
0,-1,-1,-1,base,cur_2,cur_3
0,-1,22,-1,base,cur_2,cur_3
0,43,25,49,base,cur_2,cur_3
0,-1,-1,-1,base,cur_2,cur_3
0,16,-1,-1,base,cur_2,cur_3
0,-1,-1,26,base,cur_2,cur_3
0,11,42,-1,base,cur_2,cur_3
0,-1,-1,-1,base,cur_2,cur_3
0,13,22,24,base,cur_2,cur_3
0,-1,32,25,base,cur_2,cur_3
0,-1,-1,30,base,cur_2,cur_3
0,17,37,-1,base,cur_2,cur_3
0,-1,-1,-1,base,cur_2,cur_3
0,36,-1,-1,base,cur_2,cur_3
0,44,-1,3,base,cur_2,cur_3
0,28,13,-1,base,cur_2,cur_3
0,-1,-1,-1,base,cur_2,cur_3
0,17,-1,16,base,cur_2,cur_3
0,6,12,39,base,cur_2,cur_3
0,0,42,-1,base,cur_2,cur_3
0,-1,42,33,base,cur_2,cur_3
0,46,-1,18,base,cur_2,cur_3
0,19,-1,1,base,cur_2,cur_3
0,36,-1,28,base,cur_2,cur_3
0,6,-1,-1,base,cur_2,cur_3
0,-1,-1,39,base,cur_2,cur_3
0,-1,-1,28,base,cur_2,cur_3
0,-1,-1,-1,base,cur_2,cur_3
0,42,27,46,base,cur_2,cur_3
0,-1,-1,27,base,cur_2,cur_3
0,-1,13,-1,base,cur_2,cur_3
0,-1,13,49,base,cur_2,cur_3
0,-1,-1,-1,base,cur_2,cur_3
0,-1,43,6,base,cur_2,cur_3
0,15,-1,45,base,cur_2,cur_3
0,8,8,-1,base,cur_2,cur_3
0,3,31,34,base,cur_2,cur_3
0,-1,49,16,base,cur_2,cur_3
0,28,26,-1,base,cur_2,cur_3
0,-1,30,-1,base,cur_2,cur_3
0,-1,-1,-1,base,cur_2,cur_3
0,-1,-1,-1,base,cur_2,cur_3
0,32,-1,8,base,cur_2,cur_3
0,1,-1,14,base,cur_2,cur_3
0,30,32,-1,base,cur_2,cur_3
0,-1,-1,-1,base,cur_2,cur_3
0,30,-1,28,base,cur_2,cur_3
0,30,-1,-1,base,cur_2,cur_3
0,19,-1,1,base,cur_2,cur_3
0,-1,45,-1,base,cur_2,cur_3
0,-1,32,21,base,cur_2,cur_3
0,-1,10,22,base,cur_2,cur_3
0,17,-1,-1,base,cur_2,cur_3
0,29,49,-1,base,cur_2,cur_3
0,-1,-1,34,base,cur_2,cur_3
0,43,-1,32,base,cur_2,cur_3
0,-1,11,-1,base,cur_2,cur_3
0,2,-1,-1,base,cur_2,cur_3
0,-1,18,-1,base,cur_2,cur_3
0,12,-1,46,base,cur_2,cur_3
0,-1,-1,17,base,cur_2,cur_3
0,22,-1,34,base,cur_2,cur_3
0,-1,24,22,base,cur_2,cur_3
0,34,-1,-1,base,cur_2,cur_3
0,35,2,-1,base,cur_2,cur_3
0,-1,10,-1,base,cur_2,cur_3
0,-1,-1,34,base,cur_2,cur_3
0,31,1,-1,base,cur_2,cur_3
0,49,35,20,base,cur_2,cur_3
0,-1,-1,-1,base,cur_2,cur_3
0,-1,-1,3,base,cur_2,cur_3
0,-1,-1,32,base,cur_2,cur_3
0,-1,-1,-1,base,cur_2,cur_3
0,-1,-1,35,base,cur_2,cur_3
0,49,42,43,base,cur_2,cur_3
0,-1,-1,-1,base,cur_2,cur_3
0,-1,-1,21,base,cur_2,cur_3
0,-1,4,-1,base,cur_2,cur_3
0,-1,41,-1,base,cur_2,cur_3
0,40,-1,-1,base,cur_2,cur_3
0,6,49,47,base,cur_2,cur_3
0,13,-1,-1,base,cur_2,cur_3
0,-1,5,-1,base,cur_2,cur_3
0,29,-1,11,base,cur_2,cur_3
0,22,-1,47,base,cur_2,cur_3
0,-1,-1,32,base,cur_2,cur_3
0,-1,-1,-1,base,cur_2,cur_3
0,7,36,37,base,cur_2,cur_3
0,48,-1,46,base,cur_2,cur_3
0,27,49,-1,base,cur_2,cur_3
0,-1,-1,-1,base,cur_2,cur_3
0,-1,-1,-1,base,cur_2,cur_3
0,-1,-1,38,base,cur_2,cur_3
0,1,-1,-1,base,cur_2,cur_3
0,42,48,-1,base,cur_2,cur_3
0,17,31,-1,base,cur_2,cur_3
0,0,15,3,base,cur_2,cur_3
0,23,2,-1,base,cur_2,cur_3
0,-1,29,28,base,cur_2,cur_3
0,6,-1,-1,base,cur_2,cur_3
0,-1,9,13,base,cur_2,cur_3
0,14,-1,1,base,cur_2,cur_3
0,29,-1,-1,base,cur_2,cur_3
0,1,-1,-1,base,cur_2,cur_3
0,2,-1,16,base,cur_2,cur_3
0,-1,13,1,base,cur_2,cur_3
0,6,36,-1,base,cur_2,cur_3
0,-1,-1,23,base,cur_2,cur_3
0,28,-1,-1,base,cur_2,cur_3
0,-1,40,27,base,cur_2,cur_3
0,-1,6,-1,base,cur_2,cur_3
0,31,8,-1,base,cur_2,cur_3
0,12,39,-1,base,cur_2,cur_3
0,5,-1,16,base,cur_2,cur_3
0,-1,-1,17,base,cur_2,cur_3
0,30,11,-1,base,cur_2,cur_3
0,-1,47,-1,base,cur_2,cur_3
0,-1,-1,-1,base,cur_2,cur_3
0,-1,46,-1,base,cur_2,cur_3
0,-1,-1,-1,base,cur_2,cur_3
0,-1,42,48,base,cur_2,cur_3
0,35,-1,-1,base,cur_2,cur_3
0,2,-1,-1,base,cur_2,cur_3
0,-1,48,-1,base,cur_2,cur_3
0,-1,-1,-1,base,cur_2,cur_3
0,3,39,32,base,cur_2,cur_3
0,47,-1,-1,base,cur_2,cur_3
0,27,-1,5,base,cur_2,cur_3
0,49,22,40,base,cur_2,cur_3
0,-1,38,-1,base,cur_2,cur_3
0,-1,-1,47,base,cur_2,cur_3
0,28,42,-1,base,cur_2,cur_3
0,-1,-1,-1,base,cur_2,cur_3
0,28,31,-1,base,cur_2,cur_3
0,-1,-1,-1,base,cur_2,cur_3
0,46,-1,30,base,cur_2,cur_3
0,17,-1,-1,base,cur_2,cur_3
0,-1,-1,-1,base,cur_2,cur_3
0,28,15,-1,base,cur_2,cur_3
0,41,-1,21,base,cur_2,cur_3
0,-1,17,-1,base,cur_2,cur_3
0,-1,-1,-1,base,cur_2,cur_3
0,12,7,-1,base,cur_2,cur_3
0,-1,-1,44,base,cur_2,cur_3
0,23,17,-1,base,cur_2,cur_3
0,-1,5,-1,base,cur_2,cur_3
0,1,8,-1,base,cur_2,cur_3
0,22,-1,44,base,cur_2,cur_3
0,-1,-1,-1,base,cur_2,cur_3
0,41,-1,45,base,cur_2,cur_3
0,27,30,32,base,cur_2,cur_3
0,14,-1,35,base,cur_2,cur_3
0,-1,-1,18,base,cur_2,cur_3
0,-1,27,18,base,cur_2,cur_3
0,36,-1,-1,base,cur_2,cur_3
0,-1,-1,33,base,cur_2,cur_3
0,-1,-1,14,base,cur_2,cur_3
0,31,-1,2,base,cur_2,cur_3
0,-1,-1,39,base,cur_2,cur_3
