age,double,infect,triple,infectName,dose2name,dose3name
0,-1,63,-1,base,cur_2,cur_3
1,-1,77,-1,base,cur_2,cur_3
2,-1,-1,-1,base,cur_2,cur_3
3,-1,-1,-1,base,cur_2,cur_3
4,-1,63,-1,base,cur_2,cur_3
5,-1,49,-1,base,cur_2,cur_3
6,-1,-1,-1,base,cur_2,cur_3
7,-1,-1,-1,base,cur_2,cur_3
8,-1,-1,-1,base,cur_2,cur_3
9,-1,-1,-1,base,cur_2,cur_3
10,-1,21,-1,base,cur_2,cur_3
11,-1,-1,-1,base,cur_2,cur_3
12,-1,91,-1,base,cur_2,cur_3
13,-1,77,-1,base,cur_2,cur_3
14,-1,77,-1,base,cur_2,cur_3
15,-1,175,-1,base,cur_2,cur_3
16,-1,-1,-1,base,cur_2,cur_3
17,-1,-1,-1,base,cur_2,cur_3
18,-1,77,-1,base,cur_2,cur_3
19,-1,-1,-1,base,cur_2,cur_3
20,-1,77,-1,base,cur_2,cur_3
21,-1,-1,-1,base,cur_2,cur_3
22,-1,35,-1,base,cur_2,cur_3
23,-1,63,-1,base,cur_2,cur_3
24,-1,-1,-1,base,cur_2,cur_3
25,-1,-1,-1,base,cur_2,cur_3
26,-1,-1,-1,base,cur_2,cur_3
27,-1,77,-1,base,cur_2,cur_3
28,-1,21,-1,base,cur_2,cur_3
29,-1,-1,-1,base,cur_2,cur_3
30,-1,-1,-1,base,cur_2,cur_3
31,-1,-1,-1,base,cur_2,cur_3
32,-1,49,-1,base,cur_2,cur_3
33,-1,-1,-1,base,cur_2,cur_3
34,-1,-1,-1,base,cur_2,cur_3
35,-1,-1,-1,base,cur_2,cur_3
36,-1,161,-1,base,cur_2,cur_3
37,-1,77,-1,base,cur_2,cur_3
38,-1,-1,-1,base,cur_2,cur_3
39,-1,35,-1,base,cur_2,cur_3
40,-1,-1,-1,base,cur_2,cur_3
41,-1,-1,-1,base,cur_2,cur_3
42,-1,91,-1,base,cur_2,cur_3
43,-1,77,-1,base,cur_2,cur_3
44,-1,-1,-1,base,cur_2,cur_3
45,-1,-1,-1,base,cur_2,cur_3
46,-1,-1,-1,base,cur_2,cur_3
47,-1,-1,-1,base,cur_2,cur_3
48,-1,91,-1,base,cur_2,cur_3
49,-1,91,-1,base,cur_2,cur_3
50,-1,105,-1,base,cur_2,cur_3
51,-1,-1,-1,base,cur_2,cur_3
52,-1,49,-1,base,cur_2,cur_3
53,-1,-1,-1,base,cur_2,cur_3
54,-1,-1,-1,base,cur_2,cur_3
55,-1,-1,-1,base,cur_2,cur_3
56,-1,63,-1,base,cur_2,cur_3
57,-1,77,-1,base,cur_2,cur_3
58,-1,-1,-1,base,cur_2,cur_3
59,-1,-1,-1,base,cur_2,cur_3
60,-1,35,-1,base,cur_2,cur_3
61,-1,63,-1,base,cur_2,cur_3
62,-1,-1,-1,base,cur_2,cur_3
63,-1,-1,-1,base,cur_2,cur_3
64,-1,77,-1,base,cur_2,cur_3
65,-1,77,-1,base,cur_2,cur_3
66,-1,-1,-1,base,cur_2,cur_3
67,-1,49,-1,base,cur_2,cur_3
68,-1,7,-1,base,cur_2,cur_3
69,-1,49,-1,base,cur_2,cur_3
70,-1,91,-1,base,cur_2,cur_3
71,-1,77,-1,base,cur_2,cur_3
72,-1,77,-1,base,cur_2,cur_3
73,-1,35,-1,base,cur_2,cur_3
74,-1,77,-1,base,cur_2,cur_3
75,-1,49,-1,base,cur_2,cur_3
76,-1,-1,-1,base,cur_2,cur_3
77,-1,-1,-1,base,cur_2,cur_3
78,-1,-1,-1,base,cur_2,cur_3
79,-1,63,-1,base,cur_2,cur_3
80,-1,63,-1,base,cur_2,cur_3
81,-1,77,-1,base,cur_2,cur_3
82,-1,-1,-1,base,cur_2,cur_3
83,-1,-1,-1,base,cur_2,cur_3
84,-1,105,-1,base,cur_2,cur_3
85,-1,21,-1,base,cur_2,cur_3
86,-1,21,-1,base,cur_2,cur_3
87,-1,77,-1,base,cur_2,cur_3
88,-1,-1,-1,base,cur_2,cur_3
89,-1,35,-1,base,cur_2,cur_3
90,-1,-1,-1,base,cur_2,cur_3
91,-1,7,-1,base,cur_2,cur_3
92,-1,77,-1,base,cur_2,cur_3
93,-1,-1,-1,base,cur_2,cur_3
94,-1,-1,-1,base,cur_2,cur_3
95,-1,-1,-1,base,cur_2,cur_3
96,-1,21,-1,base,cur_2,cur_3
97,-1,-1,-1,base,cur_2,cur_3
98,-1,-1,-1,base,cur_2,cur_3
99,-1,77,-1,base,cur_2,cur_3
100,-1,133,-1,base,cur_2,cur_3
101,-1,49,-1,base,cur_2,cur_3
102,-1,77,-1,base,cur_2,cur_3
103,-1,-1,-1,base,cur_2,cur_3
104,-1,77,-1,base,cur_2,cur_3
105,-1,63,-1,base,cur_2,cur_3
106,-1,175,-1,base,cur_2,cur_3
107,-1,-1,-1,base,cur_2,cur_3
108,-1,-1,-1,base,cur_2,cur_3
109,-1,-1,-1,base,cur_2,cur_3
110,-1,-1,-1,base,cur_2,cur_3
111,-1,63,-1,base,cur_2,cur_3
112,-1,-1,-1,base,cur_2,cur_3
113,-1,35,-1,base,cur_2,cur_3
114,-1,-1,-1,base,cur_2,cur_3
115,-1,-1,-1,base,cur_2,cur_3
116,-1,77,-1,base,cur_2,cur_3
117,-1,-1,-1,base,cur_2,cur_3
118,-1,105,-1,base,cur_2,cur_3
119,-1,-1,-1,base,cur_2,cur_3
120,-1,7,-1,base,cur_2,cur_3
121,-1,77,-1,base,cur_2,cur_3
122,-1,63,-1,base,cur_2,cur_3
123,-1,77,-1,base,cur_2,cur_3
124,-1,49,-1,base,cur_2,cur_3
125,-1,-1,-1,base,cur_2,cur_3
126,-1,-1,-1,base,cur_2,cur_3
127,-1,-1,-1,base,cur_2,cur_3
128,-1,-1,-1,base,cur_2,cur_3
129,-1,-1,-1,base,cur_2,cur_3
130,-1,91,-1,base,cur_2,cur_3
131,-1,91,-1,base,cur_2,cur_3
132,-1,77,-1,base,cur_2,cur_3
133,-1,91,-1,base,cur_2,cur_3
134,-1,-1,-1,base,cur_2,cur_3
135,-1,63,-1,base,cur_2,cur_3
136,-1,-1,-1,base,cur_2,cur_3
137,-1,-1,-1,base,cur_2,cur_3
138,-1,105,-1,base,cur_2,cur_3
139,-1,-1,-1,base,cur_2,cur_3
140,-1,-1,-1,base,cur_2,cur_3
141,-1,-1,-1,base,cur_2,cur_3
142,-1,-1,-1,base,cur_2,cur_3
143,-1,77,-1,base,cur_2,cur_3
144,7,-1,-1,base,cur_2,cur_3
145,16,77,-1,base,cur_2,cur_3
146,11,-1,-1,base,cur_2,cur_3
147,-1,-1,-1,base,cur_2,cur_3
148,12,-1,-1,base,cur_2,cur_3
149,-1,-1,-1,base,cur_2,cur_3
150,-1,49,-1,base,cur_2,cur_3
151,3,-1,-1,base,cur_2,cur_3
152,9,-1,-1,base,cur_2,cur_3
153,-1,35,-1,base,cur_2,cur_3
154,11,21,-1,base,cur_2,cur_3
155,-1,63,-1,base,cur_2,cur_3
156,11,-1,-1,base,cur_2,cur_3
157,12,-1,-1,base,cur_2,cur_3
158,-1,91,-1,base,cur_2,cur_3
159,-1,63,-1,base,cur_2,cur_3
160,-1,-1,-1,base,cur_2,cur_3
161,-1,-1,-1,base,cur_2,cur_3
162,13,-1,-1,base,cur_2,cur_3
163,-1,-1,-1,base,cur_2,cur_3
164,-1,-1,-1,base,cur_2,cur_3
165,-1,49,-1,base,cur_2,cur_3
166,-1,-1,-1,base,cur_2,cur_3
167,7,-1,-1,base,cur_2,cur_3
168,-1,21,-1,base,cur_2,cur_3
169,-1,-1,-1,base,cur_2,cur_3
170,-1,7,-1,base,cur_2,cur_3
171,-1,21,-1,base,cur_2,cur_3
172,-1,-1,-1,base,cur_2,cur_3
173,19,63,-1,base,cur_2,cur_3
174,5,77,-1,base,cur_2,cur_3
175,-1,91,-1,base,cur_2,cur_3
176,-1,63,-1,base,cur_2,cur_3
177,-1,7,-1,base,cur_2,cur_3
178,-1,63,-1,base,cur_2,cur_3
179,-1,63,-1,base,cur_2,cur_3
180,-1,-1,-1,base,cur_2,cur_3
181,-1,-1,-1,base,cur_2,cur_3
182,-1,-1,-1,base,cur_2,cur_3
183,15,-1,-1,base,cur_2,cur_3
184,-1,-1,-1,base,cur_2,cur_3
185,6,77,-1,base,cur_2,cur_3
186,-1,-1,-1,base,cur_2,cur_3
187,-1,-1,-1,base,cur_2,cur_3
188,12,-1,-1,base,cur_2,cur_3
189,0,77,-1,base,cur_2,cur_3
190,-1,77,-1,base,cur_2,cur_3
191,-1,-1,-1,base,cur_2,cur_3
192,-1,-1,-1,base,cur_2,cur_3
193,8,-1,-1,base,cur_2,cur_3
194,-1,-1,-1,base,cur_2,cur_3
195,-1,77,-1,base,cur_2,cur_3
196,-1,91,-1,base,cur_2,cur_3
197,-11,-1,-1,base,cur_2,cur_3
198,10,-1,-1,base,cur_2,cur_3
199,20,-1,-1,base,cur_2,cur_3
200,-1,91,-1,base,cur_2,cur_3
201,-1,-1,-1,base,cur_2,cur_3
202,-1,-1,-1,base,cur_2,cur_3
203,-1,49,-1,base,cur_2,cur_3
204,-1,-1,-1,base,cur_2,cur_3
205,-1,77,-1,base,cur_2,cur_3
206,-1,49,-1,base,cur_2,cur_3
207,2,-1,-1,base,cur_2,cur_3
208,-1,-1,-1,base,cur_2,cur_3
209,-1,-1,-1,base,cur_2,cur_3
210,18,63,-1,base,cur_2,cur_3
211,16,-1,-1,base,cur_2,cur_3
212,-1,21,-1,base,cur_2,cur_3
213,14,-1,-1,base,cur_2,cur_3
214,6,-1,-1,base,cur_2,cur_3
215,-1,-1,-1,base,cur_2,cur_3
216,-1,-1,-1,base,cur_2,cur_3
217,-1,7,-1,base,cur_2,cur_3
218,-1,49,-1,base,cur_2,cur_3
219,-1,-1,-1,base,cur_2,cur_3
220,-1,77,-1,base,cur_2,cur_3
221,0,77,-1,base,cur_2,cur_3
222,6,49,-1,base,cur_2,cur_3
223,18,189,-1,base,cur_2,cur_3
224,-1,7,-1,base,cur_2,cur_3
225,15,-1,-1,base,cur_2,cur_3
226,-1,77,-1,base,cur_2,cur_3
227,-1,-1,-1,base,cur_2,cur_3
228,-1,-1,-1,base,cur_2,cur_3
229,20,-1,-1,base,cur_2,cur_3
230,-1,-1,-1,base,cur_2,cur_3
231,7,-1,-1,base,cur_2,cur_3
232,3,-1,-1,base,cur_2,cur_3
233,-1,91,-1,base,cur_2,cur_3
234,-1,-1,-1,base,cur_2,cur_3
235,-1,63,-1,base,cur_2,cur_3
236,-1,77,-1,base,cur_2,cur_3
237,5,-1,-1,base,cur_2,cur_3
238,-1,-1,-1,base,cur_2,cur_3
239,-1,49,-1,base,cur_2,cur_3
240,-1,119,-1,base,cur_2,cur_3
241,3,-1,-1,base,cur_2,cur_3
242,-1,-1,-1,base,cur_2,cur_3
243,-1,63,-1,base,cur_2,cur_3
244,8,77,-1,base,cur_2,cur_3
245,-1,7,-1,base,cur_2,cur_3
246,-1,-1,-1,base,cur_2,cur_3
247,-1,-1,-1,base,cur_2,cur_3
248,12,-1,-1,base,cur_2,cur_3
249,-1,77,-1,base,cur_2,cur_3
250,-1,-1,-1,base,cur_2,cur_3
251,18,49,-1,base,cur_2,cur_3
252,-1,77,-1,base,cur_2,cur_3
253,-1,21,-1,base,cur_2,cur_3
254,-1,63,-1,base,cur_2,cur_3
255,-1,105,-1,base,cur_2,cur_3
256,-1,-1,-1,base,cur_2,cur_3
257,-1,7,-1,base,cur_2,cur_3
258,-1,-1,-1,base,cur_2,cur_3
259,1,-1,-1,base,cur_2,cur_3
260,16,-1,-1,base,cur_2,cur_3
261,-1,-1,-1,base,cur_2,cur_3
262,-1,-1,-1,base,cur_2,cur_3
263,-1,77,-1,base,cur_2,cur_3
264,-1,-1,-1,base,cur_2,cur_3
265,-1,189,-1,base,cur_2,cur_3
266,-1,63,-1,base,cur_2,cur_3
267,-1,-1,-1,base,cur_2,cur_3
268,-1,7,-1,base,cur_2,cur_3
269,-1,-1,-1,base,cur_2,cur_3
270,-1,77,-1,base,cur_2,cur_3
271,6,35,-1,base,cur_2,cur_3
272,-1,-1,-1,base,cur_2,cur_3
273,9,77,-1,base,cur_2,cur_3
274,-1,-1,-1,base,cur_2,cur_3
275,-1,91,-1,base,cur_2,cur_3
276,-1,-1,-1,base,cur_2,cur_3
277,-1,-1,-1,base,cur_2,cur_3
278,-1,49,-1,base,cur_2,cur_3
279,-1,35,-1,base,cur_2,cur_3
280,-1,-1,-1,base,cur_2,cur_3
281,-1,-1,-1,base,cur_2,cur_3
282,-1,77,-1,base,cur_2,cur_3
283,-1,63,-1,base,cur_2,cur_3
284,-1,-1,-1,base,cur_2,cur_3
285,-1,77,-1,base,cur_2,cur_3
286,26,91,-1,base,cur_2,cur_3
287,-1,-1,-1,base,cur_2,cur_3
288,-1,-1,-1,base,cur_2,cur_3
289,-1,91,-1,base,cur_2,cur_3
290,-1,119,-1,base,cur_2,cur_3
291,25,-1,-1,base,cur_2,cur_3
292,18,77,-1,base,cur_2,cur_3
293,-1,-1,-1,base,cur_2,cur_3
294,7,-1,-1,base,cur_2,cur_3
295,-1,-1,-1,base,cur_2,cur_3
296,-1,49,-1,base,cur_2,cur_3
297,-1,77,-1,base,cur_2,cur_3
298,20,77,-1,base,cur_2,cur_3
299,-1,-1,-1,base,cur_2,cur_3
300,10,63,-1,base,cur_2,cur_3
301,-1,-1,-1,base,cur_2,cur_3
302,-1,-1,-1,base,cur_2,cur_3
303,-1,49,-1,base,cur_2,cur_3
304,-1,49,-1,base,cur_2,cur_3
305,6,77,-1,base,cur_2,cur_3
306,-1,161,-1,base,cur_2,cur_3
307,-1,63,-1,base,cur_2,cur_3
308,-1,-1,-1,base,cur_2,cur_3
309,-1,-1,-1,base,cur_2,cur_3
310,-1,77,-1,base,cur_2,cur_3
311,-1,-1,-1,base,cur_2,cur_3
312,7,77,-1,base,cur_2,cur_3
313,4,-1,-1,base,cur_2,cur_3
314,-1,77,-1,base,cur_2,cur_3
315,-1,-1,-1,base,cur_2,cur_3
316,7,-1,-1,base,cur_2,cur_3
317,-1,21,-1,base,cur_2,cur_3
318,8,91,-1,base,cur_2,cur_3
319,-1,-1,-1,base,cur_2,cur_3
320,-1,-1,-1,base,cur_2,cur_3
321,1,-1,-1,base,cur_2,cur_3
322,-1,77,-1,base,cur_2,cur_3
323,-1,175,-1,base,cur_2,cur_3
324,15,-1,-1,base,cur_2,cur_3
325,-1,35,-1,base,cur_2,cur_3
326,2,-1,-1,base,cur_2,cur_3
327,-1,-1,-1,base,cur_2,cur_3
328,-1,77,-1,base,cur_2,cur_3
329,-1,175,-1,base,cur_2,cur_3
330,-1,-1,-1,base,cur_2,cur_3
331,-1,91,-1,base,cur_2,cur_3
332,-1,-1,-1,base,cur_2,cur_3
333,-1,-1,-1,base,cur_2,cur_3
334,10,49,-1,base,cur_2,cur_3
335,-1,-1,-1,base,cur_2,cur_3
336,-1,-1,-1,base,cur_2,cur_3
337,-1,-1,-1,base,cur_2,cur_3
338,-1,35,-1,base,cur_2,cur_3
339,-1,-1,-1,base,cur_2,cur_3
340,-1,-1,-1,base,cur_2,cur_3
341,-1,-1,-1,base,cur_2,cur_3
342,14,-1,-1,base,cur_2,cur_3
343,-1,-1,-1,base,cur_2,cur_3
344,-1,77,-1,base,cur_2,cur_3
345,-1,77,-1,base,cur_2,cur_3
346,-1,-1,-1,base,cur_2,cur_3
347,-1,-1,-1,base,cur_2,cur_3
348,13,77,-1,base,cur_2,cur_3
349,7,91,-1,base,cur_2,cur_3
350,-1,-1,-1,base,cur_2,cur_3
351,-1,-1,-1,base,cur_2,cur_3
352,-1,-1,-1,base,cur_2,cur_3
353,10,77,-1,base,cur_2,cur_3
354,-1,49,-1,base,cur_2,cur_3
355,-1,35,-1,base,cur_2,cur_3
356,-1,-1,-1,base,cur_2,cur_3
357,-1,-1,-1,base,cur_2,cur_3
358,18,21,-1,base,cur_2,cur_3
359,-1,91,-1,base,cur_2,cur_3
360,-1,21,-1,base,cur_2,cur_3
361,174,77,54,base,cur_2,cur_3
362,157,-1,-1,base,cur_2,cur_3
363,124,77,-1,base,cur_2,cur_3
364,162,189,-1,base,cur_2,cur_3
365,161,-1,-1,base,cur_2,cur_3
366,167,77,52,base,cur_2,cur_3
367,128,-1,-1,base,cur_2,cur_3
368,162,63,-1,base,cur_2,cur_3
369,150,7,-1,base,cur_2,cur_3
370,146,161,-1,base,cur_2,cur_3
371,172,49,-1,base,cur_2,cur_3
372,139,-1,-1,base,cur_2,cur_3
373,128,133,-1,base,cur_2,cur_3
374,156,35,-1,base,cur_2,cur_3
375,165,-1,-1,base,cur_2,cur_3
376,155,91,-1,base,cur_2,cur_3
377,141,175,-1,base,cur_2,cur_3
378,-1,35,-1,base,cur_2,cur_3
379,144,-1,-1,base,cur_2,cur_3
380,148,77,-1,base,cur_2,cur_3
381,167,91,-1,base,cur_2,cur_3
382,181,-1,42,base,cur_2,cur_3
383,195,7,49,base,cur_2,cur_3
384,149,91,-1,base,cur_2,cur_3
385,181,217,-1,base,cur_2,cur_3
386,149,91,-1,base,cur_2,cur_3
387,155,49,-1,base,cur_2,cur_3
388,167,77,-1,base,cur_2,cur_3
389,166,-1,-1,base,cur_2,cur_3
390,157,-1,-1,base,cur_2,cur_3
391,161,63,-1,base,cur_2,cur_3
392,148,77,-1,base,cur_2,cur_3
393,153,63,-1,base,cur_2,cur_3
394,145,217,-1,base,cur_2,cur_3
395,170,91,-1,base,cur_2,cur_3
396,137,77,-1,base,cur_2,cur_3
397,128,161,-1,base,cur_2,cur_3
398,145,35,-1,base,cur_2,cur_3
399,147,77,-1,base,cur_2,cur_3
400,149,77,-1,base,cur_2,cur_3
401,161,189,-1,base,cur_2,cur_3
402,162,7,-1,base,cur_2,cur_3
403,125,91,-1,base,cur_2,cur_3
404,152,49,-1,base,cur_2,cur_3
405,144,91,-1,base,cur_2,cur_3
406,140,77,-1,base,cur_2,cur_3
407,130,7,-1,base,cur_2,cur_3
408,158,-1,-1,base,cur_2,cur_3
409,157,35,-1,base,cur_2,cur_3
410,156,7,-1,base,cur_2,cur_3
411,154,-1,-1,base,cur_2,cur_3
412,158,7,-1,base,cur_2,cur_3
413,159,35,-1,base,cur_2,cur_3
414,186,-1,50,base,cur_2,cur_3
415,186,-1,-1,base,cur_2,cur_3
416,166,-1,-1,base,cur_2,cur_3
417,180,-1,-1,base,cur_2,cur_3
418,190,77,49,base,cur_2,cur_3
419,152,-1,-1,base,cur_2,cur_3
420,163,63,-1,base,cur_2,cur_3
421,165,77,-1,base,cur_2,cur_3
422,152,133,-1,base,cur_2,cur_3
423,143,7,-1,base,cur_2,cur_3
424,166,7,-1,base,cur_2,cur_3
425,138,77,55,base,cur_2,cur_3
426,159,77,-1,base,cur_2,cur_3
427,144,-1,-1,base,cur_2,cur_3
428,155,-1,-1,base,cur_2,cur_3
429,-1,91,-1,base,cur_2,cur_3
430,158,-1,54,base,cur_2,cur_3
431,158,91,-1,base,cur_2,cur_3
432,149,77,-1,base,cur_2,cur_3
433,180,63,-1,base,cur_2,cur_3
434,147,49,-1,base,cur_2,cur_3
435,164,119,-1,base,cur_2,cur_3
436,-1,161,-1,base,cur_2,cur_3
437,131,161,-1,base,cur_2,cur_3
438,142,7,-1,base,cur_2,cur_3
439,158,77,-1,base,cur_2,cur_3
440,164,147,-1,base,cur_2,cur_3
441,159,-1,-1,base,cur_2,cur_3
442,162,91,-1,base,cur_2,cur_3
443,156,21,-1,base,cur_2,cur_3
444,168,63,50,base,cur_2,cur_3
445,153,77,-1,base,cur_2,cur_3
446,142,49,-1,base,cur_2,cur_3
447,154,-1,-1,base,cur_2,cur_3
448,146,77,53,base,cur_2,cur_3
449,152,35,-1,base,cur_2,cur_3
450,165,133,-1,base,cur_2,cur_3
451,146,-1,-1,base,cur_2,cur_3
452,156,-1,-1,base,cur_2,cur_3
453,157,-1,-1,base,cur_2,cur_3
454,183,-1,53,base,cur_2,cur_3
455,167,63,-1,base,cur_2,cur_3
456,152,-1,-1,base,cur_2,cur_3
457,156,133,-1,base,cur_2,cur_3
458,152,63,-1,base,cur_2,cur_3
459,135,77,-1,base,cur_2,cur_3
460,153,7,-1,base,cur_2,cur_3
461,137,63,-1,base,cur_2,cur_3
462,162,-1,-1,base,cur_2,cur_3
463,153,7,-1,base,cur_2,cur_3
464,164,91,-1,base,cur_2,cur_3
465,130,49,-1,base,cur_2,cur_3
466,180,77,-1,base,cur_2,cur_3
467,157,77,-1,base,cur_2,cur_3
468,136,189,-1,base,cur_2,cur_3
469,162,-1,-1,base,cur_2,cur_3
470,149,217,-1,base,cur_2,cur_3
471,160,21,-1,base,cur_2,cur_3
472,156,217,-1,base,cur_2,cur_3
473,176,119,-1,base,cur_2,cur_3
474,166,-1,49,base,cur_2,cur_3
475,150,-1,-1,base,cur_2,cur_3
476,157,133,-1,base,cur_2,cur_3
477,169,-1,-1,base,cur_2,cur_3
478,180,-1,53,base,cur_2,cur_3
479,136,91,-1,base,cur_2,cur_3
480,151,-1,-1,base,cur_2,cur_3
481,157,7,-1,base,cur_2,cur_3
482,-1,35,-1,base,cur_2,cur_3
483,145,7,-1,base,cur_2,cur_3
484,139,-1,-1,base,cur_2,cur_3
485,129,-1,-1,base,cur_2,cur_3
486,143,105,-1,base,cur_2,cur_3
487,122,63,41,base,cur_2,cur_3
488,148,49,-1,base,cur_2,cur_3
489,160,49,-1,base,cur_2,cur_3
490,134,-1,-1,base,cur_2,cur_3
491,154,91,-1,base,cur_2,cur_3
492,157,77,-1,base,cur_2,cur_3
493,129,-1,-1,base,cur_2,cur_3
494,149,-1,-1,base,cur_2,cur_3
495,149,-1,-1,base,cur_2,cur_3
496,-1,-1,-1,base,cur_2,cur_3
497,162,77,48,base,cur_2,cur_3
498,152,63,-1,base,cur_2,cur_3
499,126,21,-1,base,cur_2,cur_3
500,156,35,-1,base,cur_2,cur_3
501,168,-1,45,base,cur_2,cur_3
502,127,-1,-1,base,cur_2,cur_3
503,140,175,-1,base,cur_2,cur_3
504,130,35,-1,base,cur_2,cur_3
505,156,-1,-1,base,cur_2,cur_3
506,149,21,-1,base,cur_2,cur_3
507,168,91,-1,base,cur_2,cur_3
508,167,91,-1,base,cur_2,cur_3
509,139,-1,-1,base,cur_2,cur_3
510,153,63,-1,base,cur_2,cur_3
511,145,91,-1,base,cur_2,cur_3
512,143,63,-1,base,cur_2,cur_3
513,155,147,-1,base,cur_2,cur_3
514,174,217,-1,base,cur_2,cur_3
515,174,63,-1,base,cur_2,cur_3
516,151,-1,50,base,cur_2,cur_3
517,170,77,-1,base,cur_2,cur_3
518,160,91,-1,base,cur_2,cur_3
519,157,7,-1,base,cur_2,cur_3
520,144,77,-1,base,cur_2,cur_3
521,149,-1,-1,base,cur_2,cur_3
522,158,-1,-1,base,cur_2,cur_3
523,159,-1,-1,base,cur_2,cur_3
524,153,35,-1,base,cur_2,cur_3
525,-1,-1,-1,base,cur_2,cur_3
526,177,63,-1,base,cur_2,cur_3
527,130,21,-1,base,cur_2,cur_3
528,161,77,-1,base,cur_2,cur_3
529,159,21,49,base,cur_2,cur_3
530,147,-1,-1,base,cur_2,cur_3
531,151,77,-1,base,cur_2,cur_3
532,155,-1,-1,base,cur_2,cur_3
533,153,119,-1,base,cur_2,cur_3
534,193,-1,-1,base,cur_2,cur_3
535,170,49,-1,base,cur_2,cur_3
536,240,7,89,base,cur_2,cur_3
537,176,-1,41,base,cur_2,cur_3
538,173,77,53,base,cur_2,cur_3
539,-1,-1,-1,base,cur_2,cur_3
540,190,-1,66,base,cur_2,cur_3
541,169,175,40,base,cur_2,cur_3
542,130,-1,-1,base,cur_2,cur_3
543,180,161,-1,base,cur_2,cur_3
544,176,77,58,base,cur_2,cur_3
545,-1,21,-1,base,cur_2,cur_3
546,158,63,55,base,cur_2,cur_3
547,-1,217,-1,base,cur_2,cur_3
548,197,77,40,base,cur_2,cur_3
549,173,77,64,base,cur_2,cur_3
550,129,63,24,base,cur_2,cur_3
551,219,161,-1,base,cur_2,cur_3
552,-1,49,-1,base,cur_2,cur_3
553,214,63,65,base,cur_2,cur_3
554,204,63,-1,base,cur_2,cur_3
555,195,-1,57,base,cur_2,cur_3
556,162,77,69,base,cur_2,cur_3
557,119,91,-1,base,cur_2,cur_3
558,129,-1,34,base,cur_2,cur_3
559,206,7,92,base,cur_2,cur_3
560,157,77,50,base,cur_2,cur_3
561,150,63,-1,base,cur_2,cur_3
562,175,91,53,base,cur_2,cur_3
563,164,91,71,base,cur_2,cur_3
564,146,-1,-1,base,cur_2,cur_3
565,-1,189,-1,base,cur_2,cur_3
566,169,-1,74,base,cur_2,cur_3
567,161,21,66,base,cur_2,cur_3
568,182,63,66,base,cur_2,cur_3
569,196,77,-1,base,cur_2,cur_3
570,142,77,-1,base,cur_2,cur_3
571,130,-1,-1,base,cur_2,cur_3
572,188,77,55,base,cur_2,cur_3
573,-1,-1,-1,base,cur_2,cur_3
574,169,7,-1,base,cur_2,cur_3
575,199,91,-1,base,cur_2,cur_3
576,185,-1,-1,base,cur_2,cur_3
577,183,77,63,base,cur_2,cur_3
578,-1,49,-1,base,cur_2,cur_3
579,154,91,-1,base,cur_2,cur_3
580,206,91,77,base,cur_2,cur_3
581,-1,105,-1,base,cur_2,cur_3
582,172,77,47,base,cur_2,cur_3
583,164,77,-1,base,cur_2,cur_3
584,156,49,-1,base,cur_2,cur_3
585,168,49,-1,base,cur_2,cur_3
586,165,77,59,base,cur_2,cur_3
587,202,-1,77,base,cur_2,cur_3
588,90,21,-1,base,cur_2,cur_3
589,142,133,58,base,cur_2,cur_3
590,172,-1,38,base,cur_2,cur_3
591,162,175,-1,base,cur_2,cur_3
592,98,161,-1,base,cur_2,cur_3
593,233,77,-1,base,cur_2,cur_3
594,252,77,93,base,cur_2,cur_3
595,132,91,-1,base,cur_2,cur_3
596,151,-1,31,base,cur_2,cur_3
597,207,-1,83,base,cur_2,cur_3
598,180,91,53,base,cur_2,cur_3
599,165,7,57,base,cur_2,cur_3
600,141,-1,52,base,cur_2,cur_3
601,-1,-1,-1,base,cur_2,cur_3
602,200,-1,73,base,cur_2,cur_3
603,184,35,-1,base,cur_2,cur_3
604,177,-1,45,base,cur_2,cur_3
605,178,77,-1,base,cur_2,cur_3
606,122,91,-1,base,cur_2,cur_3
607,-1,91,-1,base,cur_2,cur_3
608,160,-1,-1,base,cur_2,cur_3
609,-1,77,-1,base,cur_2,cur_3
610,156,-1,50,base,cur_2,cur_3
611,155,77,44,base,cur_2,cur_3
612,-1,77,-1,base,cur_2,cur_3
613,-1,-1,-1,base,cur_2,cur_3
614,188,91,40,base,cur_2,cur_3
615,193,-1,-1,base,cur_2,cur_3
616,202,91,59,base,cur_2,cur_3
617,149,105,-1,base,cur_2,cur_3
618,167,77,68,base,cur_2,cur_3
619,-1,-1,-1,base,cur_2,cur_3
620,138,-1,-1,base,cur_2,cur_3
621,-1,91,-1,base,cur_2,cur_3
622,194,21,-1,base,cur_2,cur_3
623,-1,-1,-1,base,cur_2,cur_3
624,-1,77,-1,base,cur_2,cur_3
625,145,49,-1,base,cur_2,cur_3
626,134,77,-1,base,cur_2,cur_3
627,127,63,-1,base,cur_2,cur_3
628,187,35,16,base,cur_2,cur_3
629,180,91,-1,base,cur_2,cur_3
630,154,7,26,base,cur_2,cur_3
631,121,-1,34,base,cur_2,cur_3
632,-1,63,-1,base,cur_2,cur_3
633,-1,21,-1,base,cur_2,cur_3
634,183,7,-1,base,cur_2,cur_3
635,-1,21,-1,base,cur_2,cur_3
636,-1,35,-1,base,cur_2,cur_3
637,184,77,-1,base,cur_2,cur_3
638,-1,91,-1,base,cur_2,cur_3
639,122,91,26,base,cur_2,cur_3
640,194,-1,-1,base,cur_2,cur_3
641,233,133,-1,base,cur_2,cur_3
642,168,175,58,base,cur_2,cur_3
643,189,21,-1,base,cur_2,cur_3
644,-1,77,-1,base,cur_2,cur_3
645,165,77,68,base,cur_2,cur_3
646,158,-1,38,base,cur_2,cur_3
647,115,77,-1,base,cur_2,cur_3
648,-1,35,-1,base,cur_2,cur_3
649,206,77,-1,base,cur_2,cur_3
650,158,77,68,base,cur_2,cur_3
651,185,-1,52,base,cur_2,cur_3
652,199,77,-1,base,cur_2,cur_3
653,-1,175,-1,base,cur_2,cur_3
654,140,77,-1,base,cur_2,cur_3
655,128,-1,38,base,cur_2,cur_3
656,141,77,38,base,cur_2,cur_3
657,-1,63,-1,base,cur_2,cur_3
658,195,-1,70,base,cur_2,cur_3
659,-1,63,-1,base,cur_2,cur_3
660,186,-1,50,base,cur_2,cur_3
661,219,49,-1,base,cur_2,cur_3
662,166,77,44,base,cur_2,cur_3
663,194,63,-1,base,cur_2,cur_3
664,159,49,21,base,cur_2,cur_3
665,173,21,-1,base,cur_2,cur_3
666,-1,91,-1,base,cur_2,cur_3
667,-1,63,-1,base,cur_2,cur_3
668,149,91,41,base,cur_2,cur_3
669,118,35,-1,base,cur_2,cur_3
670,160,77,59,base,cur_2,cur_3
671,205,77,-1,base,cur_2,cur_3
672,197,-1,78,base,cur_2,cur_3
673,132,-1,36,base,cur_2,cur_3
674,-1,91,-1,base,cur_2,cur_3
675,212,147,80,base,cur_2,cur_3
676,151,63,-1,base,cur_2,cur_3
677,137,35,42,base,cur_2,cur_3
678,-1,189,-1,base,cur_2,cur_3
679,217,-1,65,base,cur_2,cur_3
680,192,77,51,base,cur_2,cur_3
681,-1,77,-1,base,cur_2,cur_3
682,142,-1,-1,base,cur_2,cur_3
683,174,63,51,base,cur_2,cur_3
684,-1,49,-1,base,cur_2,cur_3
685,-1,77,-1,base,cur_2,cur_3
686,164,63,48,base,cur_2,cur_3
687,189,-1,73,base,cur_2,cur_3
688,137,-1,31,base,cur_2,cur_3
689,151,7,79,base,cur_2,cur_3
690,105,217,12,base,cur_2,cur_3
691,198,35,-1,base,cur_2,cur_3
692,152,-1,49,base,cur_2,cur_3
693,155,161,-1,base,cur_2,cur_3
694,-1,77,-1,base,cur_2,cur_3
695,166,119,-1,base,cur_2,cur_3
696,177,63,53,base,cur_2,cur_3
697,154,63,-1,base,cur_2,cur_3
698,124,-1,-1,base,cur_2,cur_3
699,165,77,-1,base,cur_2,cur_3
700,220,7,-1,base,cur_2,cur_3
701,-1,49,-1,base,cur_2,cur_3
702,147,175,62,base,cur_2,cur_3
703,166,7,57,base,cur_2,cur_3
704,229,77,91,base,cur_2,cur_3
705,153,49,41,base,cur_2,cur_3
706,162,-1,54,base,cur_2,cur_3
707,216,-1,93,base,cur_2,cur_3
708,-1,77,-1,base,cur_2,cur_3
709,177,7,46,base,cur_2,cur_3
710,154,-1,-1,base,cur_2,cur_3
711,201,63,-1,base,cur_2,cur_3
712,192,-1,81,base,cur_2,cur_3
713,198,35,61,base,cur_2,cur_3
714,186,77,-1,base,cur_2,cur_3
715,166,63,-1,base,cur_2,cur_3
716,178,-1,62,base,cur_2,cur_3
717,144,77,47,base,cur_2,cur_3
718,136,77,-1,base,cur_2,cur_3
719,149,-1,15,base,cur_2,cur_3
720,181,-1,87,base,cur_2,cur_3
721,-1,-1,-1,base,cur_2,cur_3
722,-1,49,-1,base,cur_2,cur_3
723,183,49,-1,base,cur_2,cur_3
724,170,21,-1,base,cur_2,cur_3
725,193,7,63,base,cur_2,cur_3
726,173,-1,-1,base,cur_2,cur_3
727,178,63,82,base,cur_2,cur_3
728,213,-1,-1,base,cur_2,cur_3
729,198,77,-1,base,cur_2,cur_3
730,175,77,65,base,cur_2,cur_3
731,178,21,-1,base,cur_2,cur_3
732,-1,77,-1,base,cur_2,cur_3
733,149,133,-1,base,cur_2,cur_3
734,151,105,-1,base,cur_2,cur_3
735,126,63,36,base,cur_2,cur_3
736,158,63,56,base,cur_2,cur_3
737,157,-1,-1,base,cur_2,cur_3
738,-1,77,-1,base,cur_2,cur_3
739,-1,77,-1,base,cur_2,cur_3
740,178,91,-1,base,cur_2,cur_3
741,196,91,-1,base,cur_2,cur_3
742,185,77,-1,base,cur_2,cur_3
743,154,77,28,base,cur_2,cur_3
744,171,91,-1,base,cur_2,cur_3
745,166,63,-1,base,cur_2,cur_3
746,214,147,-1,base,cur_2,cur_3
747,173,105,-1,base,cur_2,cur_3
748,191,77,-1,base,cur_2,cur_3
749,129,161,-1,base,cur_2,cur_3
750,182,-1,50,base,cur_2,cur_3
751,175,-1,49,base,cur_2,cur_3
752,-1,147,-1,base,cur_2,cur_3
753,141,-1,28,base,cur_2,cur_3
754,236,63,-1,base,cur_2,cur_3
755,-1,77,-1,base,cur_2,cur_3
756,-1,77,-1,base,cur_2,cur_3
757,-1,-1,-1,base,cur_2,cur_3
758,175,63,50,base,cur_2,cur_3
759,153,77,70,base,cur_2,cur_3
760,146,63,39,base,cur_2,cur_3
761,-1,-1,-1,base,cur_2,cur_3
762,-1,77,-1,base,cur_2,cur_3
763,191,-1,-1,base,cur_2,cur_3
764,183,49,78,base,cur_2,cur_3
765,187,77,55,base,cur_2,cur_3
766,-1,7,-1,base,cur_2,cur_3
767,198,77,-1,base,cur_2,cur_3
768,175,-1,52,base,cur_2,cur_3
769,146,91,43,base,cur_2,cur_3
770,-1,147,-1,base,cur_2,cur_3
771,134,63,42,base,cur_2,cur_3
772,175,-1,70,base,cur_2,cur_3
773,162,49,-1,base,cur_2,cur_3
774,-1,7,-1,base,cur_2,cur_3
775,165,-1,39,base,cur_2,cur_3
776,106,35,-1,base,cur_2,cur_3
777,194,7,-1,base,cur_2,cur_3
778,-1,105,-1,base,cur_2,cur_3
779,-1,77,-1,base,cur_2,cur_3
780,157,49,42,base,cur_2,cur_3
781,108,49,26,base,cur_2,cur_3
782,214,77,44,base,cur_2,cur_3
783,-1,63,-1,base,cur_2,cur_3
784,158,-1,-1,base,cur_2,cur_3
785,-1,119,-1,base,cur_2,cur_3
786,155,91,-1,base,cur_2,cur_3
787,230,63,65,base,cur_2,cur_3
788,171,7,-1,base,cur_2,cur_3
789,-1,-1,-1,base,cur_2,cur_3
790,198,35,73,base,cur_2,cur_3
791,178,7,55,base,cur_2,cur_3
792,192,77,56,base,cur_2,cur_3
793,165,-1,58,base,cur_2,cur_3
794,135,105,45,base,cur_2,cur_3
795,129,-1,-1,base,cur_2,cur_3
796,174,77,53,base,cur_2,cur_3
797,-1,147,-1,base,cur_2,cur_3
798,210,-1,68,base,cur_2,cur_3
799,123,119,-1,base,cur_2,cur_3
800,150,77,41,base,cur_2,cur_3
801,106,7,-1,base,cur_2,cur_3
802,151,-1,61,base,cur_2,cur_3
803,174,175,67,base,cur_2,cur_3
804,167,175,-1,base,cur_2,cur_3
805,236,49,-1,base,cur_2,cur_3
806,113,77,-1,base,cur_2,cur_3
807,121,-1,25,base,cur_2,cur_3
808,209,77,-1,base,cur_2,cur_3
809,142,217,-1,base,cur_2,cur_3
810,196,91,60,base,cur_2,cur_3
811,186,77,44,base,cur_2,cur_3
812,156,161,43,base,cur_2,cur_3
813,169,-1,43,base,cur_2,cur_3
814,209,63,-1,base,cur_2,cur_3
815,148,-1,34,base,cur_2,cur_3
816,196,-1,-1,base,cur_2,cur_3
817,195,217,47,base,cur_2,cur_3
818,165,-1,-1,base,cur_2,cur_3
819,173,7,-1,base,cur_2,cur_3
820,165,77,38,base,cur_2,cur_3
821,152,91,55,base,cur_2,cur_3
822,154,91,50,base,cur_2,cur_3
823,183,49,74,base,cur_2,cur_3
824,191,77,-1,base,cur_2,cur_3
825,144,77,-1,base,cur_2,cur_3
826,197,77,52,base,cur_2,cur_3
827,209,77,-1,base,cur_2,cur_3
828,169,77,-1,base,cur_2,cur_3
829,-1,-1,-1,base,cur_2,cur_3
830,168,77,65,base,cur_2,cur_3
831,156,35,49,base,cur_2,cur_3
832,177,35,58,base,cur_2,cur_3
833,196,49,-1,base,cur_2,cur_3
834,177,91,35,base,cur_2,cur_3
835,124,7,17,base,cur_2,cur_3
836,161,49,-1,base,cur_2,cur_3
837,204,91,66,base,cur_2,cur_3
838,201,63,41,base,cur_2,cur_3
839,166,-1,34,base,cur_2,cur_3
840,128,-1,47,base,cur_2,cur_3
841,-1,7,-1,base,cur_2,cur_3
842,165,77,64,base,cur_2,cur_3
843,172,-1,-1,base,cur_2,cur_3
844,-1,49,-1,base,cur_2,cur_3
845,164,77,-1,base,cur_2,cur_3
846,178,77,-1,base,cur_2,cur_3
847,147,49,41,base,cur_2,cur_3
848,150,-1,-1,base,cur_2,cur_3
849,185,77,-1,base,cur_2,cur_3
850,151,-1,-1,base,cur_2,cur_3
851,197,217,74,base,cur_2,cur_3
852,121,-1,34,base,cur_2,cur_3
853,173,63,-1,base,cur_2,cur_3
854,-1,-1,-1,base,cur_2,cur_3
855,193,-1,-1,base,cur_2,cur_3
856,-1,7,-1,base,cur_2,cur_3
857,178,7,-1,base,cur_2,cur_3
858,193,21,80,base,cur_2,cur_3
859,170,63,55,base,cur_2,cur_3
860,114,-1,-1,base,cur_2,cur_3
861,126,21,-1,base,cur_2,cur_3
862,170,-1,45,base,cur_2,cur_3
863,175,7,41,base,cur_2,cur_3
864,166,77,48,base,cur_2,cur_3
865,191,-1,65,base,cur_2,cur_3
866,158,77,46,base,cur_2,cur_3
867,151,63,-1,base,cur_2,cur_3
868,153,35,48,base,cur_2,cur_3
869,-1,63,-1,base,cur_2,cur_3
870,196,77,47,base,cur_2,cur_3
871,156,63,50,base,cur_2,cur_3
872,149,-1,29,base,cur_2,cur_3
873,169,-1,39,base,cur_2,cur_3
874,169,77,-1,base,cur_2,cur_3
875,196,-1,87,base,cur_2,cur_3
876,117,63,-1,base,cur_2,cur_3
877,233,-1,-1,base,cur_2,cur_3
878,146,-1,35,base,cur_2,cur_3
879,133,77,51,base,cur_2,cur_3
880,170,-1,85,base,cur_2,cur_3
881,163,35,-1,base,cur_2,cur_3
882,220,-1,75,base,cur_2,cur_3
883,155,-1,-1,base,cur_2,cur_3
884,171,-1,83,base,cur_2,cur_3
885,198,-1,-1,base,cur_2,cur_3
886,195,63,-1,base,cur_2,cur_3
887,172,91,53,base,cur_2,cur_3
888,-1,21,-1,base,cur_2,cur_3
889,129,77,56,base,cur_2,cur_3
890,181,77,-1,base,cur_2,cur_3
891,171,-1,40,base,cur_2,cur_3
892,155,35,23,base,cur_2,cur_3
893,153,-1,-1,base,cur_2,cur_3
894,180,77,43,base,cur_2,cur_3
895,174,77,53,base,cur_2,cur_3
896,192,63,-1,base,cur_2,cur_3
897,170,-1,41,base,cur_2,cur_3
898,179,-1,-1,base,cur_2,cur_3
899,198,77,-1,base,cur_2,cur_3
900,166,-1,-1,base,cur_2,cur_3
901,173,49,66,base,cur_2,cur_3
902,151,77,-1,base,cur_2,cur_3
903,104,-1,-1,base,cur_2,cur_3
904,139,-1,-1,base,cur_2,cur_3
905,199,77,70,base,cur_2,cur_3
906,164,63,-1,base,cur_2,cur_3
907,157,217,41,base,cur_2,cur_3
908,162,-1,34,base,cur_2,cur_3
909,191,63,50,base,cur_2,cur_3
910,-1,77,-1,base,cur_2,cur_3
911,183,21,68,base,cur_2,cur_3
912,216,-1,-1,base,cur_2,cur_3
913,187,-1,50,base,cur_2,cur_3
914,120,63,-1,base,cur_2,cur_3
915,141,-1,41,base,cur_2,cur_3
916,189,7,-1,base,cur_2,cur_3
917,-1,77,-1,base,cur_2,cur_3
918,117,-1,-1,base,cur_2,cur_3
919,159,77,58,base,cur_2,cur_3
920,135,91,-1,base,cur_2,cur_3
921,178,63,-1,base,cur_2,cur_3
922,219,63,-1,base,cur_2,cur_3
923,112,63,-1,base,cur_2,cur_3
924,154,77,31,base,cur_2,cur_3
925,178,91,64,base,cur_2,cur_3
926,149,63,-1,base,cur_2,cur_3
927,141,77,40,base,cur_2,cur_3
928,93,-1,-1,base,cur_2,cur_3
929,188,77,68,base,cur_2,cur_3
930,150,49,41,base,cur_2,cur_3
931,150,49,43,base,cur_2,cur_3
932,177,-1,48,base,cur_2,cur_3
933,-1,119,-1,base,cur_2,cur_3
934,195,21,62,base,cur_2,cur_3
935,120,7,44,base,cur_2,cur_3
936,-1,63,-1,base,cur_2,cur_3
937,177,91,60,base,cur_2,cur_3
938,140,77,18,base,cur_2,cur_3
939,186,21,-1,base,cur_2,cur_3
940,138,77,54,base,cur_2,cur_3
941,-1,21,-1,base,cur_2,cur_3
942,223,35,-1,base,cur_2,cur_3
943,174,21,-1,base,cur_2,cur_3
944,173,63,-1,base,cur_2,cur_3
945,-1,35,-1,base,cur_2,cur_3
946,163,35,-1,base,cur_2,cur_3
947,214,63,-1,base,cur_2,cur_3
948,173,-1,54,base,cur_2,cur_3
949,192,63,-1,base,cur_2,cur_3
950,188,-1,-1,base,cur_2,cur_3
951,231,77,-1,base,cur_2,cur_3
952,125,77,-1,base,cur_2,cur_3
953,149,21,70,base,cur_2,cur_3
954,178,217,-1,base,cur_2,cur_3
955,208,91,-1,base,cur_2,cur_3
956,160,-1,52,base,cur_2,cur_3
957,180,-1,73,base,cur_2,cur_3
958,196,-1,87,base,cur_2,cur_3
959,-1,7,-1,base,cur_2,cur_3
960,-1,49,-1,base,cur_2,cur_3
961,157,-1,67,base,cur_2,cur_3
962,222,63,79,base,cur_2,cur_3
963,94,-1,51,base,cur_2,cur_3
964,202,63,-1,base,cur_2,cur_3
965,202,35,-1,base,cur_2,cur_3
966,166,77,70,base,cur_2,cur_3
967,148,-1,73,base,cur_2,cur_3
968,189,77,66,base,cur_2,cur_3
969,181,-1,64,base,cur_2,cur_3
970,217,77,-1,base,cur_2,cur_3
971,192,-1,80,base,cur_2,cur_3
972,132,49,39,base,cur_2,cur_3
973,194,-1,56,base,cur_2,cur_3
974,154,77,56,base,cur_2,cur_3
975,160,77,-1,base,cur_2,cur_3
976,231,21,89,base,cur_2,cur_3
977,176,77,59,base,cur_2,cur_3
978,164,-1,70,base,cur_2,cur_3
979,194,-1,52,base,cur_2,cur_3
980,154,63,53,base,cur_2,cur_3
981,226,-1,72,base,cur_2,cur_3
982,194,91,75,base,cur_2,cur_3
983,-1,35,-1,base,cur_2,cur_3
984,168,63,-1,base,cur_2,cur_3
985,195,91,75,base,cur_2,cur_3
986,172,91,56,base,cur_2,cur_3
987,159,49,77,base,cur_2,cur_3
988,203,77,-1,base,cur_2,cur_3
989,153,-1,58,base,cur_2,cur_3
990,160,21,-1,base,cur_2,cur_3
991,216,77,70,base,cur_2,cur_3
992,202,63,-1,base,cur_2,cur_3
993,182,77,59,base,cur_2,cur_3
994,172,-1,66,base,cur_2,cur_3
995,190,77,-1,base,cur_2,cur_3
996,141,-1,61,base,cur_2,cur_3
997,205,63,-1,base,cur_2,cur_3
998,145,77,-1,base,cur_2,cur_3
999,166,7,65,base,cur_2,cur_3
1000,189,-1,-1,base,cur_2,cur_3
1001,218,-1,-1,base,cur_2,cur_3
1002,145,77,44,base,cur_2,cur_3
1003,157,-1,-1,base,cur_2,cur_3
1004,183,63,-1,base,cur_2,cur_3
1005,233,35,61,base,cur_2,cur_3
1006,206,-1,86,base,cur_2,cur_3
1007,170,77,-1,base,cur_2,cur_3
1008,128,7,-1,base,cur_2,cur_3
1009,184,7,57,base,cur_2,cur_3
1010,170,-1,-1,base,cur_2,cur_3
1011,136,-1,-1,base,cur_2,cur_3
1012,183,77,-1,base,cur_2,cur_3
1013,180,147,-1,base,cur_2,cur_3
1014,159,63,-1,base,cur_2,cur_3
1015,151,-1,59,base,cur_2,cur_3
1016,207,63,-1,base,cur_2,cur_3
1017,196,-1,66,base,cur_2,cur_3
1018,136,21,-1,base,cur_2,cur_3
1019,169,21,41,base,cur_2,cur_3
1020,165,-1,69,base,cur_2,cur_3
1021,190,91,-1,base,cur_2,cur_3
1022,197,-1,83,base,cur_2,cur_3
1023,162,-1,49,base,cur_2,cur_3
1024,230,-1,-1,base,cur_2,cur_3
1025,193,-1,72,base,cur_2,cur_3
1026,169,63,67,base,cur_2,cur_3
1027,202,-1,68,base,cur_2,cur_3
1028,189,91,63,base,cur_2,cur_3
1029,185,-1,77,base,cur_2,cur_3
1030,186,91,78,base,cur_2,cur_3
1031,224,63,75,base,cur_2,cur_3
1032,206,77,82,base,cur_2,cur_3
1033,178,189,75,base,cur_2,cur_3
1034,166,49,56,base,cur_2,cur_3
1035,188,-1,62,base,cur_2,cur_3
1036,192,77,55,base,cur_2,cur_3
1037,156,77,58,base,cur_2,cur_3
1038,197,63,73,base,cur_2,cur_3
1039,196,-1,60,base,cur_2,cur_3
1040,176,105,-1,base,cur_2,cur_3
1041,243,63,77,base,cur_2,cur_3
1042,239,-1,77,base,cur_2,cur_3
1043,210,63,-1,base,cur_2,cur_3
1044,160,175,55,base,cur_2,cur_3
1045,177,-1,78,base,cur_2,cur_3
1046,158,-1,62,base,cur_2,cur_3
1047,171,91,-1,base,cur_2,cur_3
1048,160,63,54,base,cur_2,cur_3
1049,164,-1,61,base,cur_2,cur_3
1050,135,-1,43,base,cur_2,cur_3
1051,192,-1,57,base,cur_2,cur_3
1052,184,35,-1,base,cur_2,cur_3
1053,164,-1,50,base,cur_2,cur_3
1054,162,49,71,base,cur_2,cur_3
1055,179,77,-1,base,cur_2,cur_3
1056,203,-1,68,base,cur_2,cur_3
1057,191,77,66,base,cur_2,cur_3
1058,-1,7,-1,base,cur_2,cur_3
1059,194,-1,-1,base,cur_2,cur_3
1060,125,77,-1,base,cur_2,cur_3
1061,189,-1,67,base,cur_2,cur_3
1062,173,63,62,base,cur_2,cur_3
1063,190,91,81,base,cur_2,cur_3
1064,230,-1,85,base,cur_2,cur_3
1065,164,-1,66,base,cur_2,cur_3
1066,168,-1,55,base,cur_2,cur_3
1067,144,-1,35,base,cur_2,cur_3
1068,-1,147,-1,base,cur_2,cur_3
1069,208,-1,109,base,cur_2,cur_3
1070,207,77,-1,base,cur_2,cur_3
1071,134,175,63,base,cur_2,cur_3
1072,177,-1,63,base,cur_2,cur_3
1073,148,-1,-1,base,cur_2,cur_3
1074,204,133,-1,base,cur_2,cur_3
1075,171,21,67,base,cur_2,cur_3
1076,155,21,-1,base,cur_2,cur_3
1077,197,-1,-1,base,cur_2,cur_3
1078,165,63,-1,base,cur_2,cur_3
1079,199,-1,58,base,cur_2,cur_3
1080,198,-1,-1,base,cur_2,cur_3
1081,199,77,55,base,cur_2,cur_3
1082,133,35,-1,base,cur_2,cur_3
1083,140,-1,48,base,cur_2,cur_3
1084,205,-1,77,base,cur_2,cur_3
1085,194,-1,54,base,cur_2,cur_3
1086,198,-1,61,base,cur_2,cur_3
1087,114,-1,-1,base,cur_2,cur_3
1088,141,-1,-1,base,cur_2,cur_3
1089,225,63,-1,base,cur_2,cur_3
1090,175,-1,76,base,cur_2,cur_3
1091,172,-1,-1,base,cur_2,cur_3
1092,220,-1,-1,base,cur_2,cur_3
1093,182,-1,-1,base,cur_2,cur_3
1094,192,77,59,base,cur_2,cur_3
1095,177,77,-1,base,cur_2,cur_3
1096,151,77,47,base,cur_2,cur_3
1097,181,-1,-1,base,cur_2,cur_3
1098,-1,35,-1,base,cur_2,cur_3
1099,200,-1,39,base,cur_2,cur_3
1100,207,-1,-1,base,cur_2,cur_3
1101,166,77,-1,base,cur_2,cur_3
1102,-1,-1,-1,base,cur_2,cur_3
1103,185,119,50,base,cur_2,cur_3
1104,170,7,-1,base,cur_2,cur_3
1105,165,-1,77,base,cur_2,cur_3
1106,195,35,-1,base,cur_2,cur_3
1107,116,-1,-1,base,cur_2,cur_3
1108,206,21,-1,base,cur_2,cur_3
1109,151,77,65,base,cur_2,cur_3
1110,228,91,62,base,cur_2,cur_3
1111,-1,175,-1,base,cur_2,cur_3
1112,163,49,47,base,cur_2,cur_3
1113,180,77,62,base,cur_2,cur_3
1114,170,-1,70,base,cur_2,cur_3
1115,218,63,-1,base,cur_2,cur_3
1116,236,-1,70,base,cur_2,cur_3
1117,187,91,43,base,cur_2,cur_3
1118,170,175,72,base,cur_2,cur_3
1119,146,133,-1,base,cur_2,cur_3
1120,163,-1,-1,base,cur_2,cur_3
1121,144,77,52,base,cur_2,cur_3
1122,174,-1,-1,base,cur_2,cur_3
1123,184,77,82,base,cur_2,cur_3
1124,208,21,64,base,cur_2,cur_3
1125,206,77,69,base,cur_2,cur_3
1126,186,-1,-1,base,cur_2,cur_3
1127,136,63,-1,base,cur_2,cur_3
1128,202,175,-1,base,cur_2,cur_3
1129,150,77,55,base,cur_2,cur_3
1130,187,-1,65,base,cur_2,cur_3
1131,-1,-1,-1,base,cur_2,cur_3
1132,226,-1,-1,base,cur_2,cur_3
1133,193,77,79,base,cur_2,cur_3
1134,175,35,-1,base,cur_2,cur_3
1135,167,21,-1,base,cur_2,cur_3
1136,185,91,-1,base,cur_2,cur_3
1137,170,91,-1,base,cur_2,cur_3
1138,-1,49,-1,base,cur_2,cur_3
1139,208,-1,92,base,cur_2,cur_3
1140,120,-1,-1,base,cur_2,cur_3
1141,228,91,-1,base,cur_2,cur_3
1142,-1,189,-1,base,cur_2,cur_3
1143,145,91,40,base,cur_2,cur_3
1144,152,-1,-1,base,cur_2,cur_3
1145,171,35,65,base,cur_2,cur_3
1146,186,-1,50,base,cur_2,cur_3
1147,176,77,62,base,cur_2,cur_3
1148,190,7,75,base,cur_2,cur_3
1149,187,21,76,base,cur_2,cur_3
1150,169,91,67,base,cur_2,cur_3
1151,187,-1,58,base,cur_2,cur_3
1152,136,7,-1,base,cur_2,cur_3
1153,180,63,52,base,cur_2,cur_3
1154,152,63,-1,base,cur_2,cur_3
1155,125,91,28,base,cur_2,cur_3
1156,202,-1,61,base,cur_2,cur_3
1157,177,7,49,base,cur_2,cur_3
1158,222,-1,65,base,cur_2,cur_3
1159,211,77,-1,base,cur_2,cur_3
1160,178,-1,55,base,cur_2,cur_3
1161,172,-1,61,base,cur_2,cur_3
1162,-1,21,-1,base,cur_2,cur_3
1163,211,91,67,base,cur_2,cur_3
1164,162,-1,72,base,cur_2,cur_3
1165,168,49,-1,base,cur_2,cur_3
1166,144,-1,55,base,cur_2,cur_3
1167,198,-1,76,base,cur_2,cur_3
1168,229,77,-1,base,cur_2,cur_3
1169,205,49,-1,base,cur_2,cur_3
1170,218,21,-1,base,cur_2,cur_3
1171,195,-1,-1,base,cur_2,cur_3
1172,209,63,-1,base,cur_2,cur_3
1173,226,-1,63,base,cur_2,cur_3
1174,198,-1,79,base,cur_2,cur_3
1175,164,-1,-1,base,cur_2,cur_3
1176,121,-1,-1,base,cur_2,cur_3
1177,150,-1,38,base,cur_2,cur_3
1178,178,63,69,base,cur_2,cur_3
1179,194,77,-1,base,cur_2,cur_3
1180,174,63,74,base,cur_2,cur_3
1181,162,217,35,base,cur_2,cur_3
1182,164,-1,58,base,cur_2,cur_3
1183,189,-1,57,base,cur_2,cur_3
1184,217,-1,81,base,cur_2,cur_3
1185,145,49,-1,base,cur_2,cur_3
1186,173,77,59,base,cur_2,cur_3
1187,175,-1,-1,base,cur_2,cur_3
1188,224,77,71,base,cur_2,cur_3
1189,188,-1,73,base,cur_2,cur_3
1190,165,77,-1,base,cur_2,cur_3
1191,117,77,-1,base,cur_2,cur_3
1192,196,-1,-1,base,cur_2,cur_3
1193,175,-1,-1,base,cur_2,cur_3
1194,139,91,44,base,cur_2,cur_3
1195,184,49,-1,base,cur_2,cur_3
1196,201,-1,33,base,cur_2,cur_3
1197,176,-1,44,base,cur_2,cur_3
1198,180,-1,-1,base,cur_2,cur_3
1199,197,-1,-1,base,cur_2,cur_3
1200,199,-1,-1,base,cur_2,cur_3
1201,150,63,41,base,cur_2,cur_3
1202,-1,63,-1,base,cur_2,cur_3
1203,172,49,-1,base,cur_2,cur_3
1204,167,91,-1,base,cur_2,cur_3
1205,169,-1,-1,base,cur_2,cur_3
1206,166,77,-1,base,cur_2,cur_3
1207,190,21,-1,base,cur_2,cur_3
1208,181,63,-1,base,cur_2,cur_3
1209,152,175,38,base,cur_2,cur_3
1210,149,7,-1,base,cur_2,cur_3
1211,206,49,-1,base,cur_2,cur_3
1212,147,-1,58,base,cur_2,cur_3
1213,-1,77,-1,base,cur_2,cur_3
1214,206,217,58,base,cur_2,cur_3
1215,241,-1,95,base,cur_2,cur_3
1216,230,63,-1,base,cur_2,cur_3
1217,131,77,-1,base,cur_2,cur_3
1218,189,161,60,base,cur_2,cur_3
1219,156,35,64,base,cur_2,cur_3
1220,196,91,66,base,cur_2,cur_3
1221,222,77,85,base,cur_2,cur_3
1222,182,-1,54,base,cur_2,cur_3
1223,224,-1,-1,base,cur_2,cur_3
1224,182,77,-1,base,cur_2,cur_3
1225,157,21,-1,base,cur_2,cur_3
1226,209,77,64,base,cur_2,cur_3
1227,193,77,70,base,cur_2,cur_3
1228,160,-1,57,base,cur_2,cur_3
1229,165,77,64,base,cur_2,cur_3
1230,192,77,-1,base,cur_2,cur_3
1231,222,-1,93,base,cur_2,cur_3
1232,-1,-1,-1,base,cur_2,cur_3
1233,179,-1,-1,base,cur_2,cur_3
1234,138,-1,-1,base,cur_2,cur_3
1235,213,7,-1,base,cur_2,cur_3
1236,178,-1,64,base,cur_2,cur_3
1237,208,-1,-1,base,cur_2,cur_3
1238,142,63,-1,base,cur_2,cur_3
1239,-1,49,-1,base,cur_2,cur_3
1240,151,175,51,base,cur_2,cur_3
1241,161,-1,51,base,cur_2,cur_3
1242,194,-1,-1,base,cur_2,cur_3
1243,199,91,89,base,cur_2,cur_3
1244,226,91,82,base,cur_2,cur_3
1245,195,77,67,base,cur_2,cur_3
1246,195,91,-1,base,cur_2,cur_3
1247,189,161,79,base,cur_2,cur_3
1248,185,-1,-1,base,cur_2,cur_3
1249,-1,-1,-1,base,cur_2,cur_3
1250,-1,-1,-1,base,cur_2,cur_3
1251,171,91,37,base,cur_2,cur_3
1252,112,7,-1,base,cur_2,cur_3
1253,193,133,-1,base,cur_2,cur_3
1254,155,77,-1,base,cur_2,cur_3
1255,170,63,79,base,cur_2,cur_3
1256,215,21,76,base,cur_2,cur_3
1257,165,77,66,base,cur_2,cur_3
1258,142,77,-1,base,cur_2,cur_3
1259,203,-1,70,base,cur_2,cur_3
1260,204,77,-1,base,cur_2,cur_3
1261,165,91,-1,base,cur_2,cur_3
1262,235,63,85,base,cur_2,cur_3
1263,235,-1,88,base,cur_2,cur_3
1264,180,-1,73,base,cur_2,cur_3
1265,125,-1,-1,base,cur_2,cur_3
1266,184,-1,70,base,cur_2,cur_3
1267,205,49,65,base,cur_2,cur_3
1268,218,7,96,base,cur_2,cur_3
1269,219,63,96,base,cur_2,cur_3
1270,170,-1,-1,base,cur_2,cur_3
1271,164,63,56,base,cur_2,cur_3
1272,158,63,-1,base,cur_2,cur_3
1273,199,77,87,base,cur_2,cur_3
1274,130,-1,73,base,cur_2,cur_3
1275,148,63,-1,base,cur_2,cur_3
1276,202,91,61,base,cur_2,cur_3
1277,233,35,-1,base,cur_2,cur_3
1278,164,77,-1,base,cur_2,cur_3
1279,-1,77,-1,base,cur_2,cur_3
1280,165,-1,66,base,cur_2,cur_3
1281,169,-1,43,base,cur_2,cur_3
1282,174,63,-1,base,cur_2,cur_3
1283,-1,77,-1,base,cur_2,cur_3
1284,232,-1,96,base,cur_2,cur_3
1285,175,-1,67,base,cur_2,cur_3
1286,155,7,-1,base,cur_2,cur_3
1287,210,63,75,base,cur_2,cur_3
1288,194,-1,-1,base,cur_2,cur_3
1289,194,35,-1,base,cur_2,cur_3
1290,160,-1,44,base,cur_2,cur_3
1291,-1,105,-1,base,cur_2,cur_3
1292,222,-1,-1,base,cur_2,cur_3
1293,202,21,-1,base,cur_2,cur_3
1294,163,63,-1,base,cur_2,cur_3
1295,173,-1,56,base,cur_2,cur_3
1296,177,-1,73,base,cur_2,cur_3
1297,159,77,42,base,cur_2,cur_3
1298,185,49,-1,base,cur_2,cur_3
1299,185,-1,77,base,cur_2,cur_3
1300,183,-1,62,base,cur_2,cur_3
1301,165,-1,-1,base,cur_2,cur_3
1302,190,63,-1,base,cur_2,cur_3
1303,159,-1,68,base,cur_2,cur_3
1304,178,-1,75,base,cur_2,cur_3
1305,196,63,-1,base,cur_2,cur_3
1306,195,-1,-1,base,cur_2,cur_3
1307,163,77,-1,base,cur_2,cur_3
1308,-1,7,-1,base,cur_2,cur_3
1309,199,133,-1,base,cur_2,cur_3
1310,179,-1,54,base,cur_2,cur_3
1311,162,-1,-1,base,cur_2,cur_3
1312,142,-1,-1,base,cur_2,cur_3
1313,212,-1,51,base,cur_2,cur_3
1314,197,49,80,base,cur_2,cur_3
1315,203,21,-1,base,cur_2,cur_3
1316,230,49,70,base,cur_2,cur_3
1317,172,77,47,base,cur_2,cur_3
1318,187,49,-1,base,cur_2,cur_3
1319,120,49,-1,base,cur_2,cur_3
1320,180,77,-1,base,cur_2,cur_3
1321,-1,77,-1,base,cur_2,cur_3
1322,170,49,-1,base,cur_2,cur_3
1323,199,91,64,base,cur_2,cur_3
1324,182,7,78,base,cur_2,cur_3
1325,175,-1,-1,base,cur_2,cur_3
1326,163,49,75,base,cur_2,cur_3
1327,-1,-1,-1,base,cur_2,cur_3
1328,189,77,79,base,cur_2,cur_3
1329,189,-1,-1,base,cur_2,cur_3
1330,181,77,67,base,cur_2,cur_3
1331,81,49,-1,base,cur_2,cur_3
1332,221,-1,80,base,cur_2,cur_3
1333,192,91,59,base,cur_2,cur_3
1334,227,7,76,base,cur_2,cur_3
1335,173,63,67,base,cur_2,cur_3
1336,182,-1,56,base,cur_2,cur_3
1337,199,-1,64,base,cur_2,cur_3
1338,278,-1,-1,base,cur_2,cur_3
1339,239,77,-1,base,cur_2,cur_3
1340,170,21,67,base,cur_2,cur_3
1341,184,77,48,base,cur_2,cur_3
1342,247,35,-1,base,cur_2,cur_3
1343,200,-1,106,base,cur_2,cur_3
1344,165,-1,53,base,cur_2,cur_3
1345,189,91,82,base,cur_2,cur_3
1346,175,77,56,base,cur_2,cur_3
1347,158,77,62,base,cur_2,cur_3
1348,203,-1,56,base,cur_2,cur_3
1349,-1,7,-1,base,cur_2,cur_3
1350,184,-1,78,base,cur_2,cur_3
1351,188,-1,85,base,cur_2,cur_3
1352,210,63,-1,base,cur_2,cur_3
1353,205,-1,94,base,cur_2,cur_3
1354,210,-1,81,base,cur_2,cur_3
1355,247,-1,102,base,cur_2,cur_3
1356,252,77,-1,base,cur_2,cur_3
1357,-1,-1,-1,base,cur_2,cur_3
1358,211,49,-1,base,cur_2,cur_3
1359,201,-1,45,base,cur_2,cur_3
1360,257,77,-1,base,cur_2,cur_3
1361,188,-1,-1,base,cur_2,cur_3
1362,204,77,-1,base,cur_2,cur_3
1363,183,77,96,base,cur_2,cur_3
1364,182,-1,79,base,cur_2,cur_3
1365,246,77,-1,base,cur_2,cur_3
1366,211,-1,68,base,cur_2,cur_3
1367,216,-1,98,base,cur_2,cur_3
1368,185,217,71,base,cur_2,cur_3
1369,194,-1,73,base,cur_2,cur_3
1370,249,-1,86,base,cur_2,cur_3
1371,205,91,82,base,cur_2,cur_3
1372,186,-1,71,base,cur_2,cur_3
1373,158,-1,60,base,cur_2,cur_3
1374,201,63,-1,base,cur_2,cur_3
1375,187,49,-1,base,cur_2,cur_3
1376,231,-1,-1,base,cur_2,cur_3
1377,242,-1,79,base,cur_2,cur_3
1378,193,-1,87,base,cur_2,cur_3
1379,258,-1,-1,base,cur_2,cur_3
1380,192,49,76,base,cur_2,cur_3
1381,163,35,83,base,cur_2,cur_3
1382,181,-1,50,base,cur_2,cur_3
1383,235,-1,102,base,cur_2,cur_3
1384,223,77,85,base,cur_2,cur_3
1385,186,-1,79,base,cur_2,cur_3
1386,224,-1,77,base,cur_2,cur_3
1387,196,-1,98,base,cur_2,cur_3
1388,234,63,95,base,cur_2,cur_3
1389,233,-1,80,base,cur_2,cur_3
1390,-1,-1,-1,base,cur_2,cur_3
1391,183,-1,72,base,cur_2,cur_3
1392,191,-1,86,base,cur_2,cur_3
1393,246,77,-1,base,cur_2,cur_3
1394,200,-1,58,base,cur_2,cur_3
1395,191,133,53,base,cur_2,cur_3
1396,236,-1,-1,base,cur_2,cur_3
1397,219,77,85,base,cur_2,cur_3
1398,163,-1,47,base,cur_2,cur_3
1399,202,7,-1,base,cur_2,cur_3
1400,153,35,33,base,cur_2,cur_3
1401,149,-1,54,base,cur_2,cur_3
1402,179,147,66,base,cur_2,cur_3
1403,199,-1,94,base,cur_2,cur_3
1404,231,77,-1,base,cur_2,cur_3
1405,171,77,55,base,cur_2,cur_3
1406,209,21,79,base,cur_2,cur_3
1407,200,77,68,base,cur_2,cur_3
1408,210,77,78,base,cur_2,cur_3
1409,260,-1,-1,base,cur_2,cur_3
1410,161,161,62,base,cur_2,cur_3
1411,-1,77,-1,base,cur_2,cur_3
1412,170,77,38,base,cur_2,cur_3
1413,166,21,59,base,cur_2,cur_3
1414,233,-1,-1,base,cur_2,cur_3
1415,183,-1,52,base,cur_2,cur_3
1416,179,217,57,base,cur_2,cur_3
1417,192,-1,-1,base,cur_2,cur_3
1418,188,-1,75,base,cur_2,cur_3
1419,250,-1,-1,base,cur_2,cur_3
1420,213,-1,-1,base,cur_2,cur_3
1421,207,7,76,base,cur_2,cur_3
1422,212,-1,-1,base,cur_2,cur_3
1423,-1,63,-1,base,cur_2,cur_3
1424,216,35,88,base,cur_2,cur_3
1425,210,-1,-1,base,cur_2,cur_3
1426,-1,-1,-1,base,cur_2,cur_3
1427,210,-1,76,base,cur_2,cur_3
1428,222,35,-1,base,cur_2,cur_3
1429,215,-1,-1,base,cur_2,cur_3
1430,220,91,60,base,cur_2,cur_3
1431,231,77,-1,base,cur_2,cur_3
1432,184,77,64,base,cur_2,cur_3
1433,202,-1,60,base,cur_2,cur_3
1434,166,7,102,base,cur_2,cur_3
1435,196,-1,83,base,cur_2,cur_3
1436,181,-1,76,base,cur_2,cur_3
1437,186,-1,81,base,cur_2,cur_3
1438,246,49,-1,base,cur_2,cur_3
1439,209,175,57,base,cur_2,cur_3
1440,239,-1,-1,base,cur_2,cur_3
1441,178,-1,76,base,cur_2,cur_3
1442,233,-1,86,base,cur_2,cur_3
1443,157,-1,51,base,cur_2,cur_3
1444,276,21,-1,base,cur_2,cur_3
1445,170,-1,58,base,cur_2,cur_3
1446,206,77,-1,base,cur_2,cur_3
1447,195,-1,77,base,cur_2,cur_3
1448,183,-1,52,base,cur_2,cur_3
1449,204,-1,78,base,cur_2,cur_3
1450,169,-1,78,base,cur_2,cur_3
1451,201,-1,74,base,cur_2,cur_3
1452,185,-1,74,base,cur_2,cur_3
1453,196,7,-1,base,cur_2,cur_3
1454,189,-1,70,base,cur_2,cur_3
1455,-1,77,-1,base,cur_2,cur_3
1456,166,-1,55,base,cur_2,cur_3
1457,182,35,61,base,cur_2,cur_3
1458,180,63,76,base,cur_2,cur_3
1459,236,91,-1,base,cur_2,cur_3
1460,271,217,-1,base,cur_2,cur_3
1461,196,-1,79,base,cur_2,cur_3
1462,196,-1,84,base,cur_2,cur_3
1463,187,77,79,base,cur_2,cur_3
1464,203,217,90,base,cur_2,cur_3
1465,144,-1,60,base,cur_2,cur_3
1466,221,-1,86,base,cur_2,cur_3
1467,185,77,70,base,cur_2,cur_3
1468,191,77,94,base,cur_2,cur_3
1469,202,-1,59,base,cur_2,cur_3
1470,180,-1,-1,base,cur_2,cur_3
1471,159,-1,-1,base,cur_2,cur_3
1472,180,7,64,base,cur_2,cur_3
1473,176,-1,65,base,cur_2,cur_3
1474,214,49,-1,base,cur_2,cur_3
1475,162,49,75,base,cur_2,cur_3
1476,288,-1,-1,base,cur_2,cur_3
1477,224,-1,78,base,cur_2,cur_3
1478,224,77,91,base,cur_2,cur_3
1479,214,-1,91,base,cur_2,cur_3
1480,227,-1,-1,base,cur_2,cur_3
1481,218,-1,-1,base,cur_2,cur_3
1482,235,-1,-1,base,cur_2,cur_3
1483,231,-1,78,base,cur_2,cur_3
1484,193,-1,77,base,cur_2,cur_3
1485,228,-1,86,base,cur_2,cur_3
1486,232,77,-1,base,cur_2,cur_3
1487,226,21,-1,base,cur_2,cur_3
1488,-1,-1,-1,base,cur_2,cur_3
1489,244,-1,-1,base,cur_2,cur_3
1490,166,-1,59,base,cur_2,cur_3
1491,196,7,82,base,cur_2,cur_3
1492,187,21,67,base,cur_2,cur_3
1493,220,-1,-1,base,cur_2,cur_3
1494,218,77,81,base,cur_2,cur_3
1495,196,21,59,base,cur_2,cur_3
1496,224,-1,-1,base,cur_2,cur_3
1497,-1,-1,-1,base,cur_2,cur_3
1498,177,-1,71,base,cur_2,cur_3
1499,227,-1,-1,base,cur_2,cur_3
1500,197,63,-1,base,cur_2,cur_3
1501,196,-1,65,base,cur_2,cur_3
1502,192,-1,-1,base,cur_2,cur_3
1503,192,-1,71,base,cur_2,cur_3
1504,191,-1,87,base,cur_2,cur_3
1505,152,-1,-1,base,cur_2,cur_3
1506,226,-1,73,base,cur_2,cur_3
1507,194,-1,60,base,cur_2,cur_3
1508,142,-1,58,base,cur_2,cur_3
1509,222,161,-1,base,cur_2,cur_3
1510,234,-1,-1,base,cur_2,cur_3
1511,168,-1,74,base,cur_2,cur_3
1512,199,77,66,base,cur_2,cur_3
1513,238,161,-1,base,cur_2,cur_3
1514,223,-1,-1,base,cur_2,cur_3
1515,218,63,-1,base,cur_2,cur_3
1516,204,77,-1,base,cur_2,cur_3
1517,214,77,62,base,cur_2,cur_3
1518,159,21,57,base,cur_2,cur_3
1519,224,-1,72,base,cur_2,cur_3
1520,245,77,-1,base,cur_2,cur_3
1521,238,-1,107,base,cur_2,cur_3
1522,217,77,-1,base,cur_2,cur_3
1523,188,-1,56,base,cur_2,cur_3
1524,192,21,68,base,cur_2,cur_3
1525,203,-1,84,base,cur_2,cur_3
1526,216,91,65,base,cur_2,cur_3
1527,191,-1,68,base,cur_2,cur_3
1528,135,35,-1,base,cur_2,cur_3
1529,-1,-1,-1,base,cur_2,cur_3
1530,244,-1,-1,base,cur_2,cur_3
1531,207,-1,83,base,cur_2,cur_3
1532,203,77,65,base,cur_2,cur_3
1533,180,-1,99,base,cur_2,cur_3
1534,225,-1,78,base,cur_2,cur_3
1535,218,21,76,base,cur_2,cur_3
1536,202,119,71,base,cur_2,cur_3
1537,208,91,74,base,cur_2,cur_3
1538,211,-1,75,base,cur_2,cur_3
1539,173,-1,52,base,cur_2,cur_3
1540,185,-1,66,base,cur_2,cur_3
1541,155,77,67,base,cur_2,cur_3
1542,-1,63,-1,base,cur_2,cur_3
1543,189,-1,73,base,cur_2,cur_3
1544,194,-1,-1,base,cur_2,cur_3
1545,176,7,-1,base,cur_2,cur_3
1546,209,35,-1,base,cur_2,cur_3
1547,205,77,-1,base,cur_2,cur_3
1548,191,-1,-1,base,cur_2,cur_3
1549,232,-1,100,base,cur_2,cur_3
1550,198,49,69,base,cur_2,cur_3
1551,245,77,-1,base,cur_2,cur_3
1552,220,-1,62,base,cur_2,cur_3
1553,244,-1,-1,base,cur_2,cur_3
1554,216,-1,89,base,cur_2,cur_3
1555,178,-1,82,base,cur_2,cur_3
1556,174,77,57,base,cur_2,cur_3
1557,173,-1,58,base,cur_2,cur_3
1558,132,-1,-1,base,cur_2,cur_3
1559,196,-1,64,base,cur_2,cur_3
1560,247,-1,-1,base,cur_2,cur_3
1561,201,-1,-1,base,cur_2,cur_3
1562,230,-1,70,base,cur_2,cur_3
1563,219,7,83,base,cur_2,cur_3
1564,248,77,-1,base,cur_2,cur_3
1565,196,-1,61,base,cur_2,cur_3
1566,237,-1,-1,base,cur_2,cur_3
1567,233,-1,78,base,cur_2,cur_3
1568,161,-1,51,base,cur_2,cur_3
1569,290,63,-1,base,cur_2,cur_3
1570,259,-1,-1,base,cur_2,cur_3
1571,176,-1,77,base,cur_2,cur_3
1572,176,91,73,base,cur_2,cur_3
1573,285,-1,-1,base,cur_2,cur_3
1574,186,63,100,base,cur_2,cur_3
1575,197,77,-1,base,cur_2,cur_3
1576,165,-1,34,base,cur_2,cur_3
1577,214,77,78,base,cur_2,cur_3
1578,172,7,44,base,cur_2,cur_3
1579,198,49,-1,base,cur_2,cur_3
1580,208,7,80,base,cur_2,cur_3
1581,204,21,-1,base,cur_2,cur_3
1582,164,77,60,base,cur_2,cur_3
1583,132,-1,60,base,cur_2,cur_3
1584,176,7,78,base,cur_2,cur_3
1585,240,-1,-1,base,cur_2,cur_3
1586,188,-1,82,base,cur_2,cur_3
1587,184,63,-1,base,cur_2,cur_3
1588,188,-1,87,base,cur_2,cur_3
1589,213,-1,73,base,cur_2,cur_3
1590,230,63,-1,base,cur_2,cur_3
1591,161,-1,-1,base,cur_2,cur_3
1592,187,-1,89,base,cur_2,cur_3
1593,180,-1,57,base,cur_2,cur_3
1594,182,7,-1,base,cur_2,cur_3
1595,207,77,64,base,cur_2,cur_3
1596,263,-1,91,base,cur_2,cur_3
1597,209,-1,70,base,cur_2,cur_3
1598,199,161,72,base,cur_2,cur_3
1599,-1,-1,-1,base,cur_2,cur_3
1600,193,-1,67,base,cur_2,cur_3
1601,194,-1,57,base,cur_2,cur_3
1602,177,-1,76,base,cur_2,cur_3
1603,188,-1,62,base,cur_2,cur_3
1604,172,-1,89,base,cur_2,cur_3
1605,218,-1,83,base,cur_2,cur_3
1606,268,-1,-1,base,cur_2,cur_3
1607,185,-1,80,base,cur_2,cur_3
1608,236,63,-1,base,cur_2,cur_3
1609,189,91,70,base,cur_2,cur_3
1610,172,-1,61,base,cur_2,cur_3
1611,163,77,52,base,cur_2,cur_3
1612,233,-1,85,base,cur_2,cur_3
1613,170,-1,62,base,cur_2,cur_3
1614,227,-1,80,base,cur_2,cur_3
1615,191,63,-1,base,cur_2,cur_3
1616,252,-1,96,base,cur_2,cur_3
1617,206,-1,94,base,cur_2,cur_3
1618,226,-1,-1,base,cur_2,cur_3
1619,255,119,-1,base,cur_2,cur_3
1620,161,-1,73,base,cur_2,cur_3
1621,203,77,67,base,cur_2,cur_3
1622,191,-1,67,base,cur_2,cur_3
1623,138,7,65,base,cur_2,cur_3
1624,259,-1,-1,base,cur_2,cur_3
1625,185,-1,75,base,cur_2,cur_3
1626,207,-1,113,base,cur_2,cur_3
1627,240,91,-1,base,cur_2,cur_3
1628,236,-1,-1,base,cur_2,cur_3
1629,216,63,92,base,cur_2,cur_3
1630,167,-1,77,base,cur_2,cur_3
1631,217,77,86,base,cur_2,cur_3
1632,217,21,-1,base,cur_2,cur_3
1633,228,91,-1,base,cur_2,cur_3
1634,-1,63,-1,base,cur_2,cur_3
1635,286,7,-1,base,cur_2,cur_3
1636,232,77,-1,base,cur_2,cur_3
1637,218,-1,97,base,cur_2,cur_3
1638,201,63,74,base,cur_2,cur_3
1639,244,-1,-1,base,cur_2,cur_3
1640,236,63,-1,base,cur_2,cur_3
1641,245,35,-1,base,cur_2,cur_3
1642,185,91,65,base,cur_2,cur_3
1643,168,63,80,base,cur_2,cur_3
1644,196,-1,69,base,cur_2,cur_3
1645,157,105,58,base,cur_2,cur_3
1646,-1,-1,-1,base,cur_2,cur_3
1647,220,77,-1,base,cur_2,cur_3
1648,227,63,85,base,cur_2,cur_3
1649,220,-1,72,base,cur_2,cur_3
1650,203,77,83,base,cur_2,cur_3
1651,210,-1,88,base,cur_2,cur_3
1652,252,63,89,base,cur_2,cur_3
1653,161,-1,69,base,cur_2,cur_3
1654,189,-1,66,base,cur_2,cur_3
1655,269,119,-1,base,cur_2,cur_3
1656,141,-1,61,base,cur_2,cur_3
1657,150,77,44,base,cur_2,cur_3
1658,235,7,-1,base,cur_2,cur_3
1659,167,21,-1,base,cur_2,cur_3
1660,197,91,73,base,cur_2,cur_3
1661,191,35,73,base,cur_2,cur_3
1662,249,175,68,base,cur_2,cur_3
1663,226,-1,111,base,cur_2,cur_3
1664,239,77,-1,base,cur_2,cur_3
1665,172,-1,79,base,cur_2,cur_3
1666,183,-1,47,base,cur_2,cur_3
1667,191,77,36,base,cur_2,cur_3
1668,216,-1,84,base,cur_2,cur_3
1669,218,91,92,base,cur_2,cur_3
1670,211,-1,90,base,cur_2,cur_3
1671,190,77,55,base,cur_2,cur_3
1672,185,-1,80,base,cur_2,cur_3
1673,199,-1,73,base,cur_2,cur_3
1674,225,-1,-1,base,cur_2,cur_3
1675,232,-1,100,base,cur_2,cur_3
1676,184,-1,83,base,cur_2,cur_3
1677,256,7,84,base,cur_2,cur_3
1678,198,119,-1,base,cur_2,cur_3
1679,171,77,61,base,cur_2,cur_3
1680,207,-1,92,base,cur_2,cur_3
1681,227,-1,63,base,cur_2,cur_3
1682,225,-1,93,base,cur_2,cur_3
1683,180,-1,74,base,cur_2,cur_3
1684,163,49,60,base,cur_2,cur_3
1685,248,-1,114,base,cur_2,cur_3
1686,152,-1,49,base,cur_2,cur_3
1687,193,-1,79,base,cur_2,cur_3
1688,180,-1,64,base,cur_2,cur_3
1689,205,-1,89,base,cur_2,cur_3
1690,192,-1,61,base,cur_2,cur_3
1691,154,-1,78,base,cur_2,cur_3
1692,176,-1,77,base,cur_2,cur_3
1693,272,35,-1,base,cur_2,cur_3
1694,226,-1,91,base,cur_2,cur_3
1695,173,-1,-1,base,cur_2,cur_3
1696,142,49,49,base,cur_2,cur_3
1697,263,-1,-1,base,cur_2,cur_3
1698,203,7,87,base,cur_2,cur_3
1699,226,49,-1,base,cur_2,cur_3
1700,222,77,98,base,cur_2,cur_3
1701,-1,-1,-1,base,cur_2,cur_3
1702,203,-1,64,base,cur_2,cur_3
1703,172,49,50,base,cur_2,cur_3
1704,205,49,83,base,cur_2,cur_3
1705,206,63,72,base,cur_2,cur_3
1706,177,77,54,base,cur_2,cur_3
1707,199,-1,76,base,cur_2,cur_3
1708,195,-1,-1,base,cur_2,cur_3
1709,165,63,50,base,cur_2,cur_3
1710,205,91,-1,base,cur_2,cur_3
1711,180,-1,56,base,cur_2,cur_3
1712,109,-1,30,base,cur_2,cur_3
1713,173,-1,68,base,cur_2,cur_3
1714,198,-1,74,base,cur_2,cur_3
1715,168,35,79,base,cur_2,cur_3
1716,218,-1,106,base,cur_2,cur_3
1717,185,161,71,base,cur_2,cur_3
1718,205,91,76,base,cur_2,cur_3
1719,186,-1,78,base,cur_2,cur_3
1720,226,-1,93,base,cur_2,cur_3
1721,181,-1,59,base,cur_2,cur_3
1722,195,7,38,base,cur_2,cur_3
1723,173,-1,69,base,cur_2,cur_3
1724,144,-1,58,base,cur_2,cur_3
1725,217,-1,93,base,cur_2,cur_3
1726,182,91,-1,base,cur_2,cur_3
1727,177,-1,106,base,cur_2,cur_3
1728,225,63,106,base,cur_2,cur_3
1729,181,63,48,base,cur_2,cur_3
1730,238,-1,-1,base,cur_2,cur_3
1731,212,77,-1,base,cur_2,cur_3
1732,183,-1,88,base,cur_2,cur_3
1733,197,91,-1,base,cur_2,cur_3
1734,126,63,37,base,cur_2,cur_3
1735,199,49,-1,base,cur_2,cur_3
1736,198,77,-1,base,cur_2,cur_3
1737,157,-1,32,base,cur_2,cur_3
1738,253,-1,-1,base,cur_2,cur_3
1739,180,-1,86,base,cur_2,cur_3
1740,194,-1,53,base,cur_2,cur_3
1741,-1,63,-1,base,cur_2,cur_3
1742,148,-1,67,base,cur_2,cur_3
1743,189,-1,45,base,cur_2,cur_3
1744,226,-1,98,base,cur_2,cur_3
1745,169,-1,68,base,cur_2,cur_3
1746,139,-1,41,base,cur_2,cur_3
1747,241,-1,104,base,cur_2,cur_3
1748,209,175,78,base,cur_2,cur_3
1749,215,77,78,base,cur_2,cur_3
1750,211,49,-1,base,cur_2,cur_3
1751,191,77,53,base,cur_2,cur_3
1752,174,-1,65,base,cur_2,cur_3
1753,231,119,110,base,cur_2,cur_3
1754,228,-1,81,base,cur_2,cur_3
1755,183,7,80,base,cur_2,cur_3
1756,183,63,69,base,cur_2,cur_3
1757,257,35,-1,base,cur_2,cur_3
1758,272,77,-1,base,cur_2,cur_3
1759,160,-1,67,base,cur_2,cur_3
1760,170,77,-1,base,cur_2,cur_3
1761,-1,77,-1,base,cur_2,cur_3
1762,165,-1,76,base,cur_2,cur_3
1763,156,77,54,base,cur_2,cur_3
1764,236,-1,-1,base,cur_2,cur_3
1765,217,-1,-1,base,cur_2,cur_3
1766,208,161,88,base,cur_2,cur_3
1767,-1,77,-1,base,cur_2,cur_3
1768,187,7,74,base,cur_2,cur_3
1769,202,-1,97,base,cur_2,cur_3
1770,199,21,70,base,cur_2,cur_3
1771,162,49,59,base,cur_2,cur_3
1772,215,-1,76,base,cur_2,cur_3
1773,224,77,74,base,cur_2,cur_3
1774,211,-1,85,base,cur_2,cur_3
1775,224,-1,86,base,cur_2,cur_3
1776,209,-1,-1,base,cur_2,cur_3
1777,190,-1,-1,base,cur_2,cur_3
1778,209,7,80,base,cur_2,cur_3
1779,217,119,-1,base,cur_2,cur_3
1780,206,-1,77,base,cur_2,cur_3
1781,218,63,-1,base,cur_2,cur_3
1782,229,77,78,base,cur_2,cur_3
1783,144,119,42,base,cur_2,cur_3
1784,190,77,-1,base,cur_2,cur_3
1785,239,91,-1,base,cur_2,cur_3
1786,158,-1,44,base,cur_2,cur_3
1787,168,-1,37,base,cur_2,cur_3
1788,253,-1,117,base,cur_2,cur_3
1789,209,77,-1,base,cur_2,cur_3
1790,184,-1,73,base,cur_2,cur_3
1791,226,-1,-1,base,cur_2,cur_3
1792,249,63,92,base,cur_2,cur_3
1793,194,-1,71,base,cur_2,cur_3
1794,159,-1,79,base,cur_2,cur_3
1795,174,-1,64,base,cur_2,cur_3
1796,155,63,51,base,cur_2,cur_3
1797,228,-1,-1,base,cur_2,cur_3
1798,238,-1,-1,base,cur_2,cur_3
1799,225,-1,-1,base,cur_2,cur_3
1800,195,-1,83,base,cur_2,cur_3
1801,159,-1,25,base,cur_2,cur_3
1802,181,77,47,base,cur_2,cur_3
1803,269,7,-1,base,cur_2,cur_3
1804,193,-1,82,base,cur_2,cur_3
1805,194,7,77,base,cur_2,cur_3
1806,237,-1,97,base,cur_2,cur_3
1807,197,-1,73,base,cur_2,cur_3
1808,230,-1,76,base,cur_2,cur_3
1809,173,35,79,base,cur_2,cur_3
1810,226,-1,84,base,cur_2,cur_3
1811,268,63,-1,base,cur_2,cur_3
1812,188,119,-1,base,cur_2,cur_3
1813,259,77,107,base,cur_2,cur_3
1814,212,-1,75,base,cur_2,cur_3
1815,236,-1,91,base,cur_2,cur_3
1816,189,91,50,base,cur_2,cur_3
1817,245,77,-1,base,cur_2,cur_3
1818,-1,21,-1,base,cur_2,cur_3
1819,183,77,59,base,cur_2,cur_3
1820,209,105,96,base,cur_2,cur_3
1821,136,-1,59,base,cur_2,cur_3
1822,187,91,58,base,cur_2,cur_3
1823,235,7,97,base,cur_2,cur_3
1824,158,49,60,base,cur_2,cur_3
1825,210,-1,66,base,cur_2,cur_3
1826,182,49,75,base,cur_2,cur_3
1827,182,77,60,base,cur_2,cur_3
1828,-1,35,-1,base,cur_2,cur_3
1829,219,77,-1,base,cur_2,cur_3
1830,188,-1,61,base,cur_2,cur_3
1831,164,-1,48,base,cur_2,cur_3
1832,243,-1,103,base,cur_2,cur_3
1833,184,-1,63,base,cur_2,cur_3
1834,173,-1,70,base,cur_2,cur_3
1835,186,7,66,base,cur_2,cur_3
1836,180,-1,-1,base,cur_2,cur_3
1837,228,-1,67,base,cur_2,cur_3
1838,193,-1,66,base,cur_2,cur_3
1839,181,91,-1,base,cur_2,cur_3
1840,166,77,47,base,cur_2,cur_3
1841,229,77,-1,base,cur_2,cur_3
1842,198,91,67,base,cur_2,cur_3
1843,233,-1,-1,base,cur_2,cur_3
1844,244,-1,121,base,cur_2,cur_3
1845,175,-1,-1,base,cur_2,cur_3
1846,177,-1,60,base,cur_2,cur_3
1847,266,-1,-1,base,cur_2,cur_3
1848,231,-1,-1,base,cur_2,cur_3
1849,243,-1,-1,base,cur_2,cur_3
1850,215,7,58,base,cur_2,cur_3
1851,208,-1,90,base,cur_2,cur_3
1852,202,-1,88,base,cur_2,cur_3
1853,214,91,74,base,cur_2,cur_3
1854,235,-1,106,base,cur_2,cur_3
1855,182,-1,-1,base,cur_2,cur_3
1856,223,-1,86,base,cur_2,cur_3
1857,210,77,-1,base,cur_2,cur_3
1858,217,7,67,base,cur_2,cur_3
1859,187,-1,72,base,cur_2,cur_3
1860,213,-1,64,base,cur_2,cur_3
1861,200,-1,70,base,cur_2,cur_3
1862,240,-1,-1,base,cur_2,cur_3
1863,208,77,90,base,cur_2,cur_3
1864,192,-1,78,base,cur_2,cur_3
1865,199,77,79,base,cur_2,cur_3
1866,164,-1,37,base,cur_2,cur_3
1867,164,77,88,base,cur_2,cur_3
1868,237,-1,87,base,cur_2,cur_3
1869,286,21,-1,base,cur_2,cur_3
1870,152,77,-1,base,cur_2,cur_3
1871,-1,-1,-1,base,cur_2,cur_3
1872,266,-1,-1,base,cur_2,cur_3
1873,191,-1,75,base,cur_2,cur_3
1874,228,-1,-1,base,cur_2,cur_3
1875,192,-1,57,base,cur_2,cur_3
1876,183,91,74,base,cur_2,cur_3
1877,193,-1,85,base,cur_2,cur_3
1878,140,-1,40,base,cur_2,cur_3
1879,185,-1,85,base,cur_2,cur_3
1880,194,77,67,base,cur_2,cur_3
1881,197,77,-1,base,cur_2,cur_3
1882,220,35,84,base,cur_2,cur_3
1883,220,-1,100,base,cur_2,cur_3
1884,190,77,-1,base,cur_2,cur_3
1885,213,-1,85,base,cur_2,cur_3
1886,-1,91,-1,base,cur_2,cur_3
1887,195,77,-1,base,cur_2,cur_3
1888,172,-1,57,base,cur_2,cur_3
1889,205,-1,77,base,cur_2,cur_3
1890,172,63,36,base,cur_2,cur_3
1891,169,63,45,base,cur_2,cur_3
1892,136,-1,62,base,cur_2,cur_3
1893,175,21,51,base,cur_2,cur_3
1894,222,49,-1,base,cur_2,cur_3
1895,200,91,71,base,cur_2,cur_3
1896,176,161,78,base,cur_2,cur_3
1897,156,63,73,base,cur_2,cur_3
1898,154,77,48,base,cur_2,cur_3
1899,174,77,71,base,cur_2,cur_3
1900,170,-1,-1,base,cur_2,cur_3
1901,229,-1,102,base,cur_2,cur_3
1902,170,-1,36,base,cur_2,cur_3
1903,225,-1,88,base,cur_2,cur_3
1904,226,91,96,base,cur_2,cur_3
1905,197,7,-1,base,cur_2,cur_3
1906,230,91,93,base,cur_2,cur_3
1907,191,105,53,base,cur_2,cur_3
1908,192,7,-1,base,cur_2,cur_3
1909,155,77,55,base,cur_2,cur_3
1910,203,35,83,base,cur_2,cur_3
1911,226,-1,-1,base,cur_2,cur_3
1912,226,-1,93,base,cur_2,cur_3
1913,176,77,-1,base,cur_2,cur_3
1914,216,91,78,base,cur_2,cur_3
1915,183,-1,78,base,cur_2,cur_3
1916,166,-1,80,base,cur_2,cur_3
1917,151,-1,47,base,cur_2,cur_3
1918,129,-1,17,base,cur_2,cur_3
1919,190,77,61,base,cur_2,cur_3
1920,237,49,96,base,cur_2,cur_3
1921,228,-1,98,base,cur_2,cur_3
1922,220,-1,119,base,cur_2,cur_3
1923,224,-1,75,base,cur_2,cur_3
1924,237,91,84,base,cur_2,cur_3
1925,144,35,51,base,cur_2,cur_3
1926,218,77,70,base,cur_2,cur_3
1927,222,63,-1,base,cur_2,cur_3
1928,187,-1,59,base,cur_2,cur_3
1929,138,-1,71,base,cur_2,cur_3
1930,156,77,65,base,cur_2,cur_3
1931,206,-1,67,base,cur_2,cur_3
1932,124,217,42,base,cur_2,cur_3
1933,-1,105,-1,base,cur_2,cur_3
1934,181,-1,62,base,cur_2,cur_3
1935,175,-1,76,base,cur_2,cur_3
1936,258,63,-1,base,cur_2,cur_3
1937,265,77,-1,base,cur_2,cur_3
1938,257,7,98,base,cur_2,cur_3
1939,180,-1,57,base,cur_2,cur_3
1940,247,63,113,base,cur_2,cur_3
1941,177,77,64,base,cur_2,cur_3
1942,201,7,52,base,cur_2,cur_3
1943,264,-1,-1,base,cur_2,cur_3
1944,185,63,34,base,cur_2,cur_3
1945,198,-1,44,base,cur_2,cur_3
1946,229,-1,88,base,cur_2,cur_3
1947,210,-1,73,base,cur_2,cur_3
1948,188,-1,-1,base,cur_2,cur_3
1949,213,-1,85,base,cur_2,cur_3
1950,191,-1,72,base,cur_2,cur_3
1951,222,63,81,base,cur_2,cur_3
1952,169,77,-1,base,cur_2,cur_3
1953,244,-1,-1,base,cur_2,cur_3
1954,208,-1,87,base,cur_2,cur_3
1955,182,63,87,base,cur_2,cur_3
1956,158,-1,31,base,cur_2,cur_3
1957,167,77,46,base,cur_2,cur_3
1958,222,-1,90,base,cur_2,cur_3
1959,193,-1,71,base,cur_2,cur_3
1960,178,-1,75,base,cur_2,cur_3
1961,198,77,50,base,cur_2,cur_3
1962,167,-1,65,base,cur_2,cur_3
1963,155,-1,57,base,cur_2,cur_3
1964,220,-1,98,base,cur_2,cur_3
1965,197,-1,75,base,cur_2,cur_3
1966,187,-1,86,base,cur_2,cur_3
1967,163,-1,-1,base,cur_2,cur_3
1968,202,-1,95,base,cur_2,cur_3
1969,163,77,47,base,cur_2,cur_3
1970,140,-1,67,base,cur_2,cur_3
1971,-1,-1,-1,base,cur_2,cur_3
1972,200,175,78,base,cur_2,cur_3
1973,217,189,79,base,cur_2,cur_3
1974,192,-1,77,base,cur_2,cur_3
1975,155,-1,76,base,cur_2,cur_3
1976,249,-1,-1,base,cur_2,cur_3
1977,155,-1,45,base,cur_2,cur_3
1978,227,-1,60,base,cur_2,cur_3
1979,231,-1,92,base,cur_2,cur_3
1980,222,-1,85,base,cur_2,cur_3
1981,159,-1,69,base,cur_2,cur_3
1982,194,-1,68,base,cur_2,cur_3
1983,175,-1,68,base,cur_2,cur_3
1984,193,-1,-1,base,cur_2,cur_3
1985,200,-1,92,base,cur_2,cur_3
1986,173,-1,-1,base,cur_2,cur_3
1987,219,-1,75,base,cur_2,cur_3
1988,159,77,38,base,cur_2,cur_3
1989,186,-1,92,base,cur_2,cur_3
1990,266,-1,-1,base,cur_2,cur_3
1991,197,77,57,base,cur_2,cur_3
1992,161,-1,-1,base,cur_2,cur_3
1993,231,175,93,base,cur_2,cur_3
1994,202,77,76,base,cur_2,cur_3
1995,199,91,88,base,cur_2,cur_3
1996,145,-1,51,base,cur_2,cur_3
1997,169,49,61,base,cur_2,cur_3
1998,163,77,80,base,cur_2,cur_3
1999,272,-1,121,base,cur_2,cur_3
2000,176,21,-1,base,cur_2,cur_3
2001,177,-1,46,base,cur_2,cur_3
2002,227,-1,107,base,cur_2,cur_3
2003,177,-1,49,base,cur_2,cur_3
2004,206,-1,73,base,cur_2,cur_3
2005,166,-1,55,base,cur_2,cur_3
2006,210,-1,-1,base,cur_2,cur_3
2007,192,77,86,base,cur_2,cur_3
2008,-1,21,-1,base,cur_2,cur_3
2009,205,-1,71,base,cur_2,cur_3
2010,237,77,-1,base,cur_2,cur_3
2011,177,-1,48,base,cur_2,cur_3
2012,249,-1,80,base,cur_2,cur_3
2013,112,-1,54,base,cur_2,cur_3
2014,188,147,59,base,cur_2,cur_3
2015,213,-1,78,base,cur_2,cur_3
2016,176,-1,79,base,cur_2,cur_3
2017,146,-1,39,base,cur_2,cur_3
2018,168,-1,67,base,cur_2,cur_3
2019,192,-1,74,base,cur_2,cur_3
2020,221,-1,92,base,cur_2,cur_3
2021,261,-1,106,base,cur_2,cur_3
2022,177,-1,53,base,cur_2,cur_3
2023,176,-1,-1,base,cur_2,cur_3
2024,238,-1,113,base,cur_2,cur_3
2025,151,-1,-1,base,cur_2,cur_3
2026,243,-1,-1,base,cur_2,cur_3
2027,203,-1,101,base,cur_2,cur_3
2028,189,-1,59,base,cur_2,cur_3
2029,207,-1,-1,base,cur_2,cur_3
2030,197,-1,63,base,cur_2,cur_3
2031,221,-1,89,base,cur_2,cur_3
2032,201,77,94,base,cur_2,cur_3
2033,182,-1,81,base,cur_2,cur_3
2034,169,-1,60,base,cur_2,cur_3
2035,240,7,120,base,cur_2,cur_3
2036,219,-1,81,base,cur_2,cur_3
2037,235,-1,125,base,cur_2,cur_3
2038,200,-1,79,base,cur_2,cur_3
2039,200,-1,51,base,cur_2,cur_3
2040,183,-1,71,base,cur_2,cur_3
2041,195,-1,59,base,cur_2,cur_3
2042,191,-1,64,base,cur_2,cur_3
2043,196,21,79,base,cur_2,cur_3
2044,144,-1,45,base,cur_2,cur_3
2045,188,63,67,base,cur_2,cur_3
2046,159,-1,52,base,cur_2,cur_3
2047,-1,-1,-1,base,cur_2,cur_3
2048,197,-1,76,base,cur_2,cur_3
2049,176,77,63,base,cur_2,cur_3
2050,233,-1,102,base,cur_2,cur_3
2051,-1,-1,-1,base,cur_2,cur_3
2052,156,-1,94,base,cur_2,cur_3
2053,-1,21,-1,base,cur_2,cur_3
2054,150,77,43,base,cur_2,cur_3
2055,224,77,-1,base,cur_2,cur_3
2056,184,77,67,base,cur_2,cur_3
2057,166,-1,64,base,cur_2,cur_3
2058,191,-1,82,base,cur_2,cur_3
2059,248,-1,93,base,cur_2,cur_3
2060,195,-1,69,base,cur_2,cur_3
2061,185,-1,73,base,cur_2,cur_3
2062,179,77,84,base,cur_2,cur_3
2063,213,77,55,base,cur_2,cur_3
2064,246,-1,-1,base,cur_2,cur_3
2065,255,-1,-1,base,cur_2,cur_3
2066,245,91,78,base,cur_2,cur_3
2067,208,91,-1,base,cur_2,cur_3
2068,-1,21,-1,base,cur_2,cur_3
2069,236,-1,90,base,cur_2,cur_3
2070,196,-1,-1,base,cur_2,cur_3
2071,194,49,65,base,cur_2,cur_3
2072,224,-1,109,base,cur_2,cur_3
2073,176,-1,98,base,cur_2,cur_3
2074,236,-1,125,base,cur_2,cur_3
2075,138,-1,63,base,cur_2,cur_3
2076,-1,-1,-1,base,cur_2,cur_3
2077,201,77,53,base,cur_2,cur_3
2078,223,-1,-1,base,cur_2,cur_3
2079,166,-1,71,base,cur_2,cur_3
2080,193,77,65,base,cur_2,cur_3
2081,186,-1,82,base,cur_2,cur_3
2082,164,-1,35,base,cur_2,cur_3
2083,182,-1,80,base,cur_2,cur_3
2084,161,-1,58,base,cur_2,cur_3
2085,222,91,72,base,cur_2,cur_3
2086,237,63,96,base,cur_2,cur_3
2087,180,-1,81,base,cur_2,cur_3
2088,164,-1,53,base,cur_2,cur_3
2089,192,-1,74,base,cur_2,cur_3
2090,221,-1,97,base,cur_2,cur_3
2091,172,-1,41,base,cur_2,cur_3
2092,215,-1,75,base,cur_2,cur_3
2093,214,63,-1,base,cur_2,cur_3
2094,218,35,98,base,cur_2,cur_3
2095,219,-1,109,base,cur_2,cur_3
2096,161,77,26,base,cur_2,cur_3
2097,234,-1,121,base,cur_2,cur_3
2098,122,-1,82,base,cur_2,cur_3
2099,176,217,-1,base,cur_2,cur_3
2100,184,35,65,base,cur_2,cur_3
2101,177,35,-1,base,cur_2,cur_3
2102,264,35,118,base,cur_2,cur_3
2103,159,-1,66,base,cur_2,cur_3
2104,202,-1,-1,base,cur_2,cur_3
2105,203,119,70,base,cur_2,cur_3
2106,-1,77,-1,base,cur_2,cur_3
2107,229,-1,100,base,cur_2,cur_3
2108,170,49,54,base,cur_2,cur_3
2109,147,-1,24,base,cur_2,cur_3
2110,151,-1,46,base,cur_2,cur_3
2111,123,49,25,base,cur_2,cur_3
2112,301,77,-1,base,cur_2,cur_3
2113,203,147,67,base,cur_2,cur_3
2114,201,-1,76,base,cur_2,cur_3
2115,210,-1,74,base,cur_2,cur_3
2116,239,-1,111,base,cur_2,cur_3
2117,253,-1,129,base,cur_2,cur_3
2118,170,63,32,base,cur_2,cur_3
2119,176,-1,58,base,cur_2,cur_3
2120,228,-1,94,base,cur_2,cur_3
2121,-1,63,-1,base,cur_2,cur_3
2122,178,-1,68,base,cur_2,cur_3
2123,165,-1,48,base,cur_2,cur_3
2124,227,63,84,base,cur_2,cur_3
2125,183,175,82,base,cur_2,cur_3
2126,217,77,71,base,cur_2,cur_3
2127,215,-1,-1,base,cur_2,cur_3
2128,225,77,-1,base,cur_2,cur_3
2129,206,-1,72,base,cur_2,cur_3
2130,150,-1,86,base,cur_2,cur_3
2131,155,-1,79,base,cur_2,cur_3
2132,195,-1,-1,base,cur_2,cur_3
2133,186,21,84,base,cur_2,cur_3
2134,249,-1,98,base,cur_2,cur_3
2135,209,-1,81,base,cur_2,cur_3
2136,-1,-1,-1,base,cur_2,cur_3
2137,164,-1,74,base,cur_2,cur_3
2138,205,-1,67,base,cur_2,cur_3
2139,230,77,59,base,cur_2,cur_3
2140,149,-1,74,base,cur_2,cur_3
2141,200,-1,81,base,cur_2,cur_3
2142,224,49,104,base,cur_2,cur_3
2143,211,-1,68,base,cur_2,cur_3
2144,226,-1,83,base,cur_2,cur_3
2145,219,-1,89,base,cur_2,cur_3
2146,175,-1,75,base,cur_2,cur_3
2147,216,-1,-1,base,cur_2,cur_3
2148,181,-1,61,base,cur_2,cur_3
2149,170,-1,90,base,cur_2,cur_3
2150,153,-1,60,base,cur_2,cur_3
2151,171,-1,80,base,cur_2,cur_3
2152,205,-1,75,base,cur_2,cur_3
2153,208,-1,-1,base,cur_2,cur_3
2154,239,77,102,base,cur_2,cur_3
2155,202,77,52,base,cur_2,cur_3
2156,211,-1,95,base,cur_2,cur_3
2157,204,-1,106,base,cur_2,cur_3
2158,200,-1,84,base,cur_2,cur_3
2159,150,-1,35,base,cur_2,cur_3
2160,210,-1,92,base,cur_2,cur_3
2161,151,-1,57,base,cur_2,cur_3
2162,197,77,64,base,cur_2,cur_3
2163,178,-1,55,base,cur_2,cur_3
2164,220,-1,98,base,cur_2,cur_3
2165,194,77,77,base,cur_2,cur_3
2166,191,-1,72,base,cur_2,cur_3
2167,166,77,64,base,cur_2,cur_3
2168,181,-1,46,base,cur_2,cur_3
2169,209,-1,82,base,cur_2,cur_3
2170,197,-1,73,base,cur_2,cur_3
2171,209,-1,77,base,cur_2,cur_3
2172,201,-1,82,base,cur_2,cur_3
2173,201,35,83,base,cur_2,cur_3
2174,150,35,-1,base,cur_2,cur_3
2175,235,-1,90,base,cur_2,cur_3
2176,193,7,62,base,cur_2,cur_3
2177,162,-1,-1,base,cur_2,cur_3
2178,250,-1,98,base,cur_2,cur_3
2179,205,-1,76,base,cur_2,cur_3
2180,190,-1,64,base,cur_2,cur_3
2181,-1,-1,-1,base,cur_2,cur_3
2182,225,-1,-1,base,cur_2,cur_3
2183,197,77,61,base,cur_2,cur_3
2184,184,-1,81,base,cur_2,cur_3
2185,216,-1,66,base,cur_2,cur_3
2186,207,-1,80,base,cur_2,cur_3
2187,230,-1,101,base,cur_2,cur_3
2188,199,-1,77,base,cur_2,cur_3
2189,177,147,49,base,cur_2,cur_3
2190,223,77,-1,base,cur_2,cur_3
2191,169,-1,57,base,cur_2,cur_3
2192,146,-1,84,base,cur_2,cur_3
2193,229,-1,-1,base,cur_2,cur_3
2194,199,-1,76,base,cur_2,cur_3
2195,199,-1,75,base,cur_2,cur_3
2196,198,49,81,base,cur_2,cur_3
2197,201,-1,88,base,cur_2,cur_3
2198,211,91,83,base,cur_2,cur_3
2199,248,-1,113,base,cur_2,cur_3
2200,142,-1,39,base,cur_2,cur_3
2201,201,-1,84,base,cur_2,cur_3
2202,199,63,-1,base,cur_2,cur_3
2203,165,77,66,base,cur_2,cur_3
2204,188,77,-1,base,cur_2,cur_3
2205,166,-1,44,base,cur_2,cur_3
2206,210,35,96,base,cur_2,cur_3
2207,128,-1,63,base,cur_2,cur_3
2208,221,-1,95,base,cur_2,cur_3
2209,191,217,64,base,cur_2,cur_3
2210,159,-1,30,base,cur_2,cur_3
2211,188,-1,74,base,cur_2,cur_3
2212,164,-1,59,base,cur_2,cur_3
2213,193,-1,85,base,cur_2,cur_3
2214,144,-1,48,base,cur_2,cur_3
2215,167,-1,62,base,cur_2,cur_3
2216,186,77,-1,base,cur_2,cur_3
2217,228,-1,101,base,cur_2,cur_3
2218,192,-1,80,base,cur_2,cur_3
2219,217,-1,108,base,cur_2,cur_3
2220,252,77,112,base,cur_2,cur_3
2221,128,-1,43,base,cur_2,cur_3
2222,236,-1,-1,base,cur_2,cur_3
2223,206,-1,79,base,cur_2,cur_3
2224,187,77,98,base,cur_2,cur_3
2225,-1,-1,-1,base,cur_2,cur_3
2226,207,-1,79,base,cur_2,cur_3
2227,179,-1,80,base,cur_2,cur_3
2228,194,-1,-1,base,cur_2,cur_3
2229,210,-1,75,base,cur_2,cur_3
2230,192,-1,79,base,cur_2,cur_3
2231,217,-1,71,base,cur_2,cur_3
2232,188,-1,89,base,cur_2,cur_3
2233,165,-1,68,base,cur_2,cur_3
2234,192,119,88,base,cur_2,cur_3
2235,183,-1,69,base,cur_2,cur_3
2236,154,-1,83,base,cur_2,cur_3
2237,145,-1,46,base,cur_2,cur_3
2238,154,-1,68,base,cur_2,cur_3
2239,159,-1,75,base,cur_2,cur_3
2240,217,-1,65,base,cur_2,cur_3
2241,192,-1,70,base,cur_2,cur_3
2242,170,35,75,base,cur_2,cur_3
2243,220,-1,83,base,cur_2,cur_3
2244,211,-1,-1,base,cur_2,cur_3
2245,245,-1,115,base,cur_2,cur_3
2246,189,-1,101,base,cur_2,cur_3
2247,193,-1,70,base,cur_2,cur_3
2248,226,77,-1,base,cur_2,cur_3
2249,181,-1,62,base,cur_2,cur_3
2250,152,-1,52,base,cur_2,cur_3
2251,260,-1,-1,base,cur_2,cur_3
2252,183,-1,55,base,cur_2,cur_3
2253,232,-1,-1,base,cur_2,cur_3
2254,200,-1,113,base,cur_2,cur_3
2255,188,-1,-1,base,cur_2,cur_3
2256,217,-1,99,base,cur_2,cur_3
2257,225,-1,102,base,cur_2,cur_3
2258,163,-1,-1,base,cur_2,cur_3
2259,127,105,36,base,cur_2,cur_3
2260,263,161,92,base,cur_2,cur_3
2261,212,-1,-1,base,cur_2,cur_3
2262,151,91,44,base,cur_2,cur_3
2263,242,-1,111,base,cur_2,cur_3
2264,210,77,83,base,cur_2,cur_3
2265,231,-1,-1,base,cur_2,cur_3
2266,202,133,91,base,cur_2,cur_3
2267,239,-1,105,base,cur_2,cur_3
2268,165,-1,64,base,cur_2,cur_3
2269,196,-1,61,base,cur_2,cur_3
2270,208,-1,91,base,cur_2,cur_3
2271,224,-1,79,base,cur_2,cur_3
2272,233,-1,-1,base,cur_2,cur_3
2273,149,-1,53,base,cur_2,cur_3
2274,262,49,-1,base,cur_2,cur_3
2275,200,-1,42,base,cur_2,cur_3
2276,138,-1,44,base,cur_2,cur_3
2277,166,-1,66,base,cur_2,cur_3
2278,142,77,89,base,cur_2,cur_3
2279,201,-1,95,base,cur_2,cur_3
2280,215,-1,91,base,cur_2,cur_3
2281,220,-1,91,base,cur_2,cur_3
2282,164,-1,31,base,cur_2,cur_3
2283,210,91,99,base,cur_2,cur_3
2284,247,-1,111,base,cur_2,cur_3
2285,186,-1,69,base,cur_2,cur_3
2286,198,-1,92,base,cur_2,cur_3
2287,221,-1,111,base,cur_2,cur_3
2288,174,-1,66,base,cur_2,cur_3
2289,221,-1,88,base,cur_2,cur_3
2290,209,-1,83,base,cur_2,cur_3
2291,128,-1,20,base,cur_2,cur_3
2292,232,91,112,base,cur_2,cur_3
2293,184,-1,73,base,cur_2,cur_3
2294,179,91,76,base,cur_2,cur_3
2295,199,-1,97,base,cur_2,cur_3
2296,167,-1,66,base,cur_2,cur_3
2297,255,-1,105,base,cur_2,cur_3
2298,136,-1,23,base,cur_2,cur_3
2299,159,7,62,base,cur_2,cur_3
2300,221,-1,109,base,cur_2,cur_3
2301,198,-1,104,base,cur_2,cur_3
2302,161,-1,77,base,cur_2,cur_3
2303,147,175,-1,base,cur_2,cur_3
2304,186,-1,-1,base,cur_2,cur_3
2305,189,-1,55,base,cur_2,cur_3
2306,180,77,58,base,cur_2,cur_3
2307,189,-1,70,base,cur_2,cur_3
2308,169,-1,63,base,cur_2,cur_3
2309,234,-1,-1,base,cur_2,cur_3
2310,224,-1,97,base,cur_2,cur_3
2311,144,-1,79,base,cur_2,cur_3
2312,197,-1,72,base,cur_2,cur_3
2313,162,-1,44,base,cur_2,cur_3
2314,207,21,73,base,cur_2,cur_3
2315,148,-1,48,base,cur_2,cur_3
2316,193,-1,88,base,cur_2,cur_3
2317,178,-1,81,base,cur_2,cur_3
2318,249,-1,110,base,cur_2,cur_3
2319,231,-1,82,base,cur_2,cur_3
2320,229,-1,82,base,cur_2,cur_3
2321,182,-1,55,base,cur_2,cur_3
2322,146,-1,33,base,cur_2,cur_3
2323,178,-1,81,base,cur_2,cur_3
2324,212,-1,107,base,cur_2,cur_3
2325,200,-1,79,base,cur_2,cur_3
2326,219,91,81,base,cur_2,cur_3
2327,191,-1,72,base,cur_2,cur_3
2328,223,-1,91,base,cur_2,cur_3
2329,170,-1,50,base,cur_2,cur_3
2330,187,-1,48,base,cur_2,cur_3
2331,179,-1,66,base,cur_2,cur_3
2332,150,-1,57,base,cur_2,cur_3
2333,166,-1,77,base,cur_2,cur_3
2334,181,-1,48,base,cur_2,cur_3
2335,233,-1,90,base,cur_2,cur_3
2336,217,63,89,base,cur_2,cur_3
2337,190,-1,68,base,cur_2,cur_3
2338,200,-1,78,base,cur_2,cur_3
2339,186,7,-1,base,cur_2,cur_3
2340,178,-1,48,base,cur_2,cur_3
2341,197,-1,62,base,cur_2,cur_3
2342,195,-1,-1,base,cur_2,cur_3
2343,161,35,33,base,cur_2,cur_3
2344,181,-1,71,base,cur_2,cur_3
2345,155,-1,61,base,cur_2,cur_3
2346,166,-1,74,base,cur_2,cur_3
2347,175,217,61,base,cur_2,cur_3
2348,209,-1,87,base,cur_2,cur_3
2349,247,-1,126,base,cur_2,cur_3
2350,180,-1,71,base,cur_2,cur_3
2351,233,-1,102,base,cur_2,cur_3
2352,204,21,74,base,cur_2,cur_3
2353,212,-1,84,base,cur_2,cur_3
2354,208,-1,84,base,cur_2,cur_3
2355,180,-1,79,base,cur_2,cur_3
2356,156,-1,63,base,cur_2,cur_3
2357,210,161,107,base,cur_2,cur_3
2358,219,-1,104,base,cur_2,cur_3
2359,204,-1,93,base,cur_2,cur_3
2360,220,-1,93,base,cur_2,cur_3
2361,210,-1,118,base,cur_2,cur_3
2362,143,-1,41,base,cur_2,cur_3
2363,200,-1,46,base,cur_2,cur_3
2364,214,-1,77,base,cur_2,cur_3
2365,196,-1,77,base,cur_2,cur_3
2366,216,77,53,base,cur_2,cur_3
2367,222,-1,-1,base,cur_2,cur_3
2368,188,-1,-1,base,cur_2,cur_3
2369,186,-1,60,base,cur_2,cur_3
2370,251,-1,125,base,cur_2,cur_3
2371,224,-1,76,base,cur_2,cur_3
2372,171,-1,68,base,cur_2,cur_3
2373,188,-1,58,base,cur_2,cur_3
2374,170,-1,78,base,cur_2,cur_3
2375,190,49,60,base,cur_2,cur_3
2376,179,-1,68,base,cur_2,cur_3
2377,230,-1,70,base,cur_2,cur_3
2378,184,-1,48,base,cur_2,cur_3
2379,206,-1,-1,base,cur_2,cur_3
2380,177,-1,70,base,cur_2,cur_3
2381,144,-1,17,base,cur_2,cur_3
2382,194,-1,86,base,cur_2,cur_3
2383,161,91,36,base,cur_2,cur_3
2384,146,-1,46,base,cur_2,cur_3
2385,166,-1,63,base,cur_2,cur_3
2386,194,-1,52,base,cur_2,cur_3
2387,195,-1,90,base,cur_2,cur_3
2388,189,-1,64,base,cur_2,cur_3
2389,190,-1,62,base,cur_2,cur_3
2390,165,-1,50,base,cur_2,cur_3
2391,194,-1,39,base,cur_2,cur_3
2392,220,-1,64,base,cur_2,cur_3
2393,198,-1,84,base,cur_2,cur_3
2394,145,217,25,base,cur_2,cur_3
2395,137,35,39,base,cur_2,cur_3
2396,176,-1,33,base,cur_2,cur_3
2397,213,-1,75,base,cur_2,cur_3
2398,201,-1,90,base,cur_2,cur_3
2399,200,-1,92,base,cur_2,cur_3
2400,230,-1,99,base,cur_2,cur_3
2401,149,-1,39,base,cur_2,cur_3
2402,238,-1,102,base,cur_2,cur_3
2403,181,-1,69,base,cur_2,cur_3
2404,190,-1,60,base,cur_2,cur_3
2405,249,-1,86,base,cur_2,cur_3
2406,175,-1,66,base,cur_2,cur_3
2407,207,91,104,base,cur_2,cur_3
2408,259,147,103,base,cur_2,cur_3
2409,252,-1,103,base,cur_2,cur_3
2410,161,-1,53,base,cur_2,cur_3
2411,225,-1,84,base,cur_2,cur_3
2412,216,-1,-1,base,cur_2,cur_3
2413,184,-1,87,base,cur_2,cur_3
2414,243,-1,111,base,cur_2,cur_3
2415,174,-1,72,base,cur_2,cur_3
2416,169,-1,70,base,cur_2,cur_3
2417,247,-1,92,base,cur_2,cur_3
2418,151,-1,61,base,cur_2,cur_3
2419,169,-1,49,base,cur_2,cur_3
2420,218,-1,124,base,cur_2,cur_3
2421,182,-1,43,base,cur_2,cur_3
2422,226,-1,76,base,cur_2,cur_3
2423,190,-1,64,base,cur_2,cur_3
2424,169,91,63,base,cur_2,cur_3
2425,183,77,88,base,cur_2,cur_3
2426,170,-1,52,base,cur_2,cur_3
2427,192,49,70,base,cur_2,cur_3
2428,148,-1,57,base,cur_2,cur_3
2429,263,-1,96,base,cur_2,cur_3
2430,201,-1,53,base,cur_2,cur_3
2431,215,-1,81,base,cur_2,cur_3
2432,130,-1,59,base,cur_2,cur_3
2433,212,-1,-1,base,cur_2,cur_3
2434,226,-1,-1,base,cur_2,cur_3
2435,216,-1,57,base,cur_2,cur_3
2436,225,-1,77,base,cur_2,cur_3
2437,217,-1,88,base,cur_2,cur_3
2438,224,-1,94,base,cur_2,cur_3
2439,170,-1,63,base,cur_2,cur_3
2440,168,-1,38,base,cur_2,cur_3
2441,182,-1,82,base,cur_2,cur_3
2442,211,-1,65,base,cur_2,cur_3
2443,243,-1,114,base,cur_2,cur_3
2444,227,-1,72,base,cur_2,cur_3
2445,166,-1,63,base,cur_2,cur_3
2446,245,35,-1,base,cur_2,cur_3
2447,172,105,85,base,cur_2,cur_3
2448,184,-1,-1,base,cur_2,cur_3
2449,-1,-1,-1,base,cur_2,cur_3
2450,206,-1,67,base,cur_2,cur_3
2451,219,-1,84,base,cur_2,cur_3
2452,187,-1,87,base,cur_2,cur_3
2453,246,-1,119,base,cur_2,cur_3
2454,246,77,86,base,cur_2,cur_3
2455,203,-1,101,base,cur_2,cur_3
2456,185,-1,63,base,cur_2,cur_3
2457,206,-1,95,base,cur_2,cur_3
2458,236,-1,91,base,cur_2,cur_3
2459,166,-1,62,base,cur_2,cur_3
2460,172,63,53,base,cur_2,cur_3
2461,184,-1,53,base,cur_2,cur_3
2462,176,-1,61,base,cur_2,cur_3
2463,192,77,66,base,cur_2,cur_3
2464,230,-1,99,base,cur_2,cur_3
2465,176,7,75,base,cur_2,cur_3
2466,254,-1,-1,base,cur_2,cur_3
2467,159,-1,68,base,cur_2,cur_3
2468,207,-1,77,base,cur_2,cur_3
2469,211,-1,80,base,cur_2,cur_3
2470,205,-1,80,base,cur_2,cur_3
2471,182,-1,81,base,cur_2,cur_3
2472,230,-1,110,base,cur_2,cur_3
2473,220,-1,75,base,cur_2,cur_3
2474,179,-1,48,base,cur_2,cur_3
2475,170,77,-1,base,cur_2,cur_3
2476,228,-1,104,base,cur_2,cur_3
2477,239,-1,93,base,cur_2,cur_3
2478,186,-1,105,base,cur_2,cur_3
2479,201,-1,58,base,cur_2,cur_3
2480,189,-1,60,base,cur_2,cur_3
2481,274,-1,110,base,cur_2,cur_3
2482,184,-1,74,base,cur_2,cur_3
2483,180,7,70,base,cur_2,cur_3
2484,226,-1,113,base,cur_2,cur_3
2485,134,-1,54,base,cur_2,cur_3
2486,201,-1,74,base,cur_2,cur_3
2487,200,-1,-1,base,cur_2,cur_3
2488,194,-1,74,base,cur_2,cur_3
2489,182,-1,105,base,cur_2,cur_3
2490,237,-1,88,base,cur_2,cur_3
2491,157,-1,-1,base,cur_2,cur_3
2492,195,-1,70,base,cur_2,cur_3
2493,226,-1,89,base,cur_2,cur_3
2494,242,-1,97,base,cur_2,cur_3
2495,207,-1,72,base,cur_2,cur_3
2496,201,77,58,base,cur_2,cur_3
2497,175,7,-1,base,cur_2,cur_3
2498,206,-1,95,base,cur_2,cur_3
2499,217,-1,-1,base,cur_2,cur_3
